sites,Status
https://www.domainedesroches.com/,Traité
https://www.domaine-des-clos.com/,Traité
https://www.domainedescazelles.fr/,Traité
https://domainedesboisdanjou.fr/,Traité
https://www.domainedesbains.com/,Traité
http://www.domainederouffach.com/,Traité
http://www.domainederavat.fr/,Traité
http://domainedemonenfance.com/,Traité
http://www.domainedemonda.com/,Traité
https://www.domainedemillox.com/,Traité
https://www.domainedemendebrenoux.fr/,Traité
https://www.domainedelo-cotentin.com/,Traité
http://www.domainedelasarre.com/,Traité
http://www.domainedelamale.fr/,Traité
https://domainedelagare70.com/,Traité
https://www.domainedelacorniche.com/fr/page/spa-luxe-ile-de-france.1555.html,Traité
https://www.domainedelachevrerie.fr/,Traité
http://www.domainedelachasse.com/,Traité
http://domainedekeryel.fr/,Traité
https://domainedekersial.com/,Traité
https://domainedekerantroad.bzh/,Traité
https://www.domainedeguillaume.com/,Traité
http://www.domaine-de-conillieres.com/,Traité
http://www.domaine-de-coeurmandie.fr/,Traité
http://www.domainedechapeau.com/,Traité
https://www.domainedechampouteau.com/,Traité
https://domainedebelair.com/,Traité
https://domaineconscience.fr/,Traité
https://www.domainecoeurdebrenne.fr/,Traité
https://domaine-chaumont.fr/fr,Traité
http://domainechatonnay.fr/,Traité
https://domaine-au-chti-ardechois.fr/,Traité
https://www.dolcehotelversailles.com/bien-etre-hotel-spa-versailles/,Traité
https://www.disini-hotel.com/bien-etre-montpellier/,Traité
https://www.directspa.fr/,Traité
http://www.dinoworld.fr/,Traité
http://www.dijonnatation.com/,Traité
http://www.dijon-massage.fr/,Traité
http://www.dihan-evasion.org/,Traité
http://www.diamond-rock.fr/?utm_source=Google&utm_medium=Fiche&utm_campaign=My-Business,Traité
http://diagpool.fr/,Traité
http://dg-paysage-piscine.fr/,Traité
http://www.deuxetoiles.fr/,Traité
https://detentoye.fr/,Traité
http://www.detentedessucs.fr/,Traité
https://www.des-vignes-et-des-songes.fr/,Traité
https://www.destinationhautlanguedoc.fr/,Traité
https://www.desfees.fr/,Traité
http://www.dermessence.fr/,Traité
https://www.denain-evasion.fr/,Traité
https://www.demiliondesens.fr/,Traité
http://www.demeureterrisse.com/,Traité
https://www.deltawaterpark.com/,Traité
https://dedaledescimes.fr/,Traité
http://www.decouverte-estables.com/,Traité
http://www.deboislaville.com/,Traité
http://www.dayspa.fr/,Traité
http://www.dayadayspa.fr/,Traité
https://www.david-paysage.bzh/,Traité
https://www.davidgrandspa.fr/,Traité
https://www.darathai.fr/,Traité
https://www.dansmabulleinstitut.fr/,Traité
https://www.dandyhotelparis.com/?utm_source=gmb&utm_medium=organic&utm_campaign=fiche_gmb,Traité
https://www.dallet.fr/,Traité
https://www.dakhlasurmer.com/,Traité
http://www.cyprien-location.com/,Traité
http://www.cyclenspa.fr/,Traité
https://www.cycleauaventure.com/,Traité
http://www.culturespas.fr/,Traité
https://www.cu-arras.fr/piscines-communautaire/,Traité
http://ctonique.fr/,Traité
http://www.c-suites.fr/,Traité
http://csiplongee.com/,Traité
https://www.cryox.fr/,Traité
https://www.cryosportprovence.com/,Traité
http://www.cryosoinsbienetre.fr/,Traité
https://www.cryosante.fr/,Traité
http://www.crosne-plazza.fr/,Traité
https://www.croixblanche-puisaye.fr/,Traité
https://www.cristemarine.com/,Traité
http://creuse-grand-sud.fr/sports/sports-aquatiques/,Traité
https://www.crenolibre.fr/prendre-rdv/161711_a-g-massages-bien-etre,Traité
https://www.cremaillere.eu/,Traité
http://www.crefo.fr/,Traité
http://www.creabois88.com/,Traité
http://www.couzeo.fr/,Traité
https://www.couvent-des-cordelieres.fr/,Traité
https://couronne-hotel-jougne.fr/?utm_source=gmb,Traité
https://couleurcanyon.fr/,Traité
https://www.couesnon-marchesdebretagne.fr/sortir-et-bouger/tourisme/base-de-loisirs-recrenature/,Traité
http://www.cote-riviere.com/,Traité
https://www.cotepiscine.fr/,Traité
http://www.cotemassages.com/,Traité
http://www.cote-hotel.com/,Traité
http://www.cosyformcaen.com/,Traité
https://www.cosmospaysage.com/,Traité
http://www.cosmicpark54.fr/,Traité
https://www.corsicajet.com/,Traité
https://www.corsica-forest.com/,Traité
http://www.corsica-arena.com/,Traité
https://correze-cabane.com/,Traité
https://corpspourl.fr/,Traité
http://www.corps-et-forme.fr/,Traité
https://www.corinne-institut.com/,Traité
https://www.corcorazon.fr/,Traité
http://coque-piscine-direct-usine.fr/,Traité
https://www.coolongalook-parc-aventure.com/,Traité
https://connectilib.fr/profil-professionnel/univers-massage,Traité
https://www.conflentcanigo.fr/piscine-prades,Traité
https://www.confiseriethermale.com/fr/,Traité
https://www.conceptunique.fr/,Traité
http://www.concarneau-thalasso.com/,Traité
https://www.complexe-le-lac.fr/hotel-le-lac,Traité
http://www.complexe-hoz.com/,Traité
http://www.complexe-citelium.fr/,Traité
http://www.commerce31.com/,Traité
http://www.comeinn.fr/,Traité
http://www.coloradoaventures.com/,Traité
https://www.col-marcieu.com/,Traité
https://coeuretmains.fr/,Traité
https://coeurdherault.com/,Traité
https://coeurdelotus.fr/,Traité
http://www.coeurdebastides.com/fr/,Traité
https://cocoonae.fr/briollay/,Traité
https://coconing.fr/,Traité
https://www.cocon-flottaison.com/,Traité
https://www.cocm.fr/fr/au-quotidien/profiter-du-temps-libre/base-char-voile.html,Traité
http://www.cncholonge.fr/,Traité
https://www.cmligne.com/centres-cmligne/centre-damincissement-hyeres/,Traité
https://cmep77.com/contacts/,Traité
https://www.club-planetefitness.com/,Traité
https://www.club-nautique-ramonville.com/,Traité
https://clubnautiquebalma.comiti-sport.fr/,Traité
http://www.clubetoile17.fr/,Traité
http://www.clubbelinann.fr/,Traité
https://www.clos-sainte-marie.fr/,Traité
https://www.closduriez.fr/,Traité
http://www.clos-de-la-gourmandiere.fr/,Traité
http://www.cliniquesaintjoseph.fr/,Traité
http://www.clinique-saintfrancois.fr/polyclinique-saint-francois-var-nans-les-pins-2-soins.html,Traité
http://www.clerc-agencements.fr/,Traité
https://www.cledubienetre.com/,Traité
https://claire-riviere.com/,Traité
http://www.clairedelunemassages.fr/,Traité
http://www.claiedessens.com/,Traité
http://www.citesports.fr/,Traité
http://www.citesouterrainedenaours.fr/,Traité
http://www.cita-parc.fr/,Traité
http://www.cigoland.fr/,Traité
https://cielospa.fr/,Traité
http://www.christine-rose.fr/,Traité
http://www.christellegabet.fr/,Traité
https://chquingey.fr/,Traité
https://www.chm-montalivet.com/?utm_campaign=gmb_search&utm_medium=organic&utm_source=google,Traité
https://www.ch-lachatre.fr/,Traité
http://www.chikitsa-ayurveda.com/,Traité
https://www.chez-moa.fr/,Traité
https://www.chez-mendi.com/,Traité
https://www.chez-mariebel.com/,Traité
http://chez-jeannette.fr/,Traité
https://www.chevigny-saint-sauveur.fr/vivre-a-chevigny/vie-sportive/equipements-sportifs/,Traité
https://www.chenevert-hotel.fr/?utm_source=google&utm_medium=wix_google_business_profile&utm_campaign=16381132655280469896,Traité
http://www.chemindeleveil.com/,Traité
https://www.chemains-zen.fr/,Traité
https://www.chausson.fr/agences/623?utm_source=fiche&utm_medium=GMB,Traité
http://chatel-formedo.com/?utm_source=Google&utm_medium=SEO&utm_campaign=GMB,Traité
https://chateau-tilloloy.fr/,Traité
http://www.chateau-selles-sur-cher.com/,Traité
https://chateau-saint-joseph.com/,Traité
https://www.chateaupuygrenier.fr/,Traité
https://chateau-pompadour.fr/,Traité
https://www.chateau-palaja.fr/,Traité
https://chateaunainville.com/,Traité
http://chateaulamoune.com/,Traité
http://www.chateaulalagunedemercey.fr/,Traité
http://www.chateaulagraviere.com/,Traité
https://chateau-kergrist.fr/,Traité
https://www.chateau-hotel-perigord.com/fr/spa-et-bien-etre.html,Traité
https://chateau-grand-arnaud.com/,Traité
http://www.chateaudutouvet.com/,Traité
http://www.chateaudutheil.com/,Traité
https://chateaudutertre-hotelspa.com/,Traité
https://www.chateau-du-rozel.fr/fr,Traité
http://www.chateauduparcsaintlambert.fr/,Traité
https://www.chateaudevillemoisson.fr/,Traité
http://www.chateaudevillefargeau.fr/,Traité
http://www.chateaudevayres.com/,Traité
https://chateaudevaugrigneuse.com/,Traité
https://chateaudethoiry.fr/,Traité
https://www.chateau-de-siran.com/,Traité
http://www.chateau-des-essarts.com/,Traité
https://www.chateaudesacy-reims.fr/espace-bien-etre/?utm_source=google&utm_medium=seo&utm_campaign=gmbsacyspa,Traité
http://www.chateauderibourdin.com/,Traité
https://www.chateaudequesmy.com/,Traité
http://www.chateaudelourmarin.com/,Traité
https://www.chateaudelastours.com/,Traité
http://www.chateaudelarozelle.com/,Traité
https://www.chateaudelaferrieredeflee.fr/,Traité
http://www.chateaudelacaze.com/,Traité
http://www.chateaudefaverges.com/,Traité
https://chateaudecourban.com/?utm_source=google-my-business&utm_medium=hotel,
https://www.chateaudecandes.com/,
http://www.chateaudaurec.fr/,
http://www.chateau-bleu.com/,
https://chateaubelcastel.com/,
https://chateau-bauge.fr/decouvrir/lhotel-dieu/,
https://www.chateaubas.com/,
https://www.chateau-barbiniere.com/?utm_source=google&utm_medium=organic&utm_campaign=mybusiness,
http://www.chateau-autigny.com/,
http://www.chateau-aujac.fr/,
http://www.acquigny.com/,
http://www.chasana.fr/,
http://www.charmehotel-montbeliard.com/,
http://www.charembeau.com/,
https://www.chapeau-rouge.fr/fr/sauna-hammam-dijon?utm_source=google&utm_medium=organic&utm_campaign=mybusiness,
http://chan-honfleur.org/,
http://www.champagnewakepark.com/,
https://www.champagne-therapy.fr/,
http://www.chambres-dhotes-villasaona.fr/,
http://www.chambresdhotesvendee.com/,
http://www.chambredhote-padirac-rocamadour.com/,
https://chalets-spa.fr/,
https://chaletsphilippe.com/,
https://www.chalets-luxe-spa-serre-chevalier.com/,
http://www.chaletsalesiajura.com/,
http://www.chalethotel-ailefroide.com/,
http://www.chaletdelanza.fr/,
http://www.chalet1703.fr/,
https://chaiseabascule.com/,
https://www.cftva62.com/,
https://www.cerdonvalleedelain.fr/ile-chambod-merpuis,
http://www.cercylatour.fr/tourisme/piscine,
http://cercle-nautique-mimizan.org/,
http://centre-thoa.com/,
http://www.centresantebienetre.com/,
https://www.centre-purderma.fr/,
https://www.centre-premier.com/,
http://www.centre-phoceen-long-sejour.fr/,
https://centrepariente.com/centre-beausoleil/,
https://centrepalmer.com/,
https://centreoxyzen.fr/,
http://www.centreoxygene.fr/,
http://centre-omega.fr/,
https://centreneophys.com/?utm_source=gmb,
http://www.centre-nautique-saint-cast.fr/,
https://centre-le-talisman.fr/,
https://www.centrelaseralencon.fr/,
http://www.centre-lagon.com/,
http://centre-harmonie.com/,
https://centrefleurdelotus.com/,
https://centre-esthetique-innovation.fr/,
http://centredupatis.fr/,
https://centrederemiseenjoie.fr/,
https://centredemassotherapie.fr/,
https://www.centredecreation.com/fr/cours/yoga/,
https://www.centre-cryolipolyse-normandie.fr/,
http://www.centre-christine-l.com/,
https://centre-bien-etre-cotentin.fr/#,
https://www.centre-bergamote.com/,
https://www.centrebelleetzen.fr/,
https://www.centrebalneor.fr/?utm_campaign=GMB&utm_medium=SEO&utm_source=Google,
http://www.centre-aum.fr/,
https://www.centre-aquatique-pierrefitte93.fr/,
https://centreaquatiquepalestra.fr/,
http://www.centreaquatiquenungesser.fr/,
https://centreaquatique-lozen.fr/,
https://centreaquatiquelenautile.fr/?utm_source=Google&utm_medium=SEO&utm_campaign=GMB,
https://centreaquatiqueileo.com/,
https://centreaquatiquedes2vallees.fr/,
https://www.centreaquatiquebethune.fr/,
https://www.centre-aquatique-alfortville.fr/,
https://centreaqualudiquecastalia.fr/,
http://www.centreaquabike.fr/,
https://www.centreaglae.com/,
https://cen-hautsdefrance.org/le-parc-des-bruyeres,
https://www.celto.fr/,
https://www.celtic-zen.fr/,
http://www.celtaventures.com/,
https://cella-spa.fr/,
http://celinenatureetmassages.com/,
https://www.celine-bien-etre-detente.fr/,
https://ceirano-piscines.fr/,
https://www.cecile-testard.fr/,
https://cdcsudgironde.fr/culture-sports-et-loisirs/les-piscines-et-la-base-nautique/,
http://www.cdcaag.fr/,
https://ccwarndt.fr/loisirs/stade-nautique/,
https://www.cc-valdegray.fr/piscine-des-capucins--1618905095.html,
http://www.ccsb-saonebeaujolais.fr/fr/information/4586/piscine-intercommunale-belleville,
http://www.ccquercyblanc.fr/,
https://ccpr24.fr/vivre-et-habiter/sport/les-piscines/,
https://www.cc-pays-huriel.com/tourisme-et-patrimoine/baignade-biologique/,
https://www.paysdechantonnay.fr/decouvrir,
http://www.cc-paysdebitche.fr/,
https://ccov.fr/contenu/piscine/,
https://www.ccmrr.fr/services/sports-culture-et-loisirs/piscines/,
https://www.cc-loire-allier.fr/tourisme-et-patrimoine/zebulleparc/,
https://www.cclb64.fr/piscine-de-garlin,
http://www.ccivs.fr/au-service-des-habitants/piscine,
https://www.cchautesarthealpesmancelles.fr/sport/piscines/piscines-3/,
https://cc-conques-marcillac.fr/vivez/equipements-sportifs/,
http://www.ccbdc.fr/centre-aquatique-laquadick,
https://cc-avm.com/piscine/,
https://www.cboutiquehotel.fr/,
https://www.cbdeau.fr/,
http://castelemeraude.fr/,
http://castagniccia-maremonti.com/agenda/!/agenda/piscine-municipale-a-piedipartinu,
https://www.cassinomagus.fr/,
https://www.casganatation.com/,
https://www.caseo-seine-eure.fr/,
https://cascadewaterpark.com/,
https://www.casa-tierdam.fr/,
http://www.casasuiteetspa.fr/,
https://www.casa-riviera.fr/,
http://www.casamilaloire.com/,
https://www.casa-miasto.fr/,
http://www.casalafinca.com/,
http://casabellezza.fr/?fbclid=PAQU9FWARunCVleHRuA2FlbQIxMABzcnRjBmFwcF9pZA8xMjQwMjQ1NzQyODc0MTQAAaeo57GgCmIkwMO_ZrRYt8x7mHPPTZk_cvnms3wnMeP3rDsy8wi0J03rUrmNVQ_aem_3qGIBvmO_l3QxxMY9hq_9Q,
https://www.casa-ammirati.fr/,
http://www.casa9hotel.fr/,
http://www.carrepy.com/,
https://www.carrepau.com/,
https://carpediemtolosa.com/,
http://www.carpediem-corsica.fr/,
http://www.carolinebillebeau.fr/,
https://www.careinstitut.fr/,
http://www.carcarille.com/,
http://www.caravaninglescerisiers.com/?utm_source=gmb,
https://www.caradeuc.com/,
https://www.capriceloudun.fr/,
https://www.capnatura.fr/,
https://www.capmacabou.com/index.php,
https://caplatranchesurmer.fr/,
https://capdecouverte.com/,
https://capcoudalere.fr/activites-sport/,
http://www.cap-cauderoue.com/,
http://cap2-s.fr/,
http://www.cap2fun.fr/,
http://cao-metropolegrandparis.fr/,
https://www.cantudifiumu.fr/,
https://www.canosphere.fr/,
https://www.canopy-park.com/,
http://www.canoe-soleileau.com/,
https://canoe-sioule.com/,
http://www.canoe-rapido.com/,
https://canoe-montana.com/,
https://www.canneswaterworld.com/,
http://www.cannesvillastbarth.com/,
http://www.candy-loisirs.fr/,
http://www.canabal.fr/,
http://www.campinus.fr/,
https://www.camp-in-poses.com/,
http://www.camping-yonne.fr/,
https://www.camping-voyennes.fr/,
https://www.camping-vosges-88.com/,
http://www.camping-viaromana.com/,
https://camping-vert-auxois.fr/,
http://www.camping-vermenton.com/,
https://www.campingverebleu.com/,
http://www.camping-vercors.com/,
http://www.camping-vanlee.fr/,
http://www.campingvalvertenberry.com/,
http://www.camping-vallee-du-lot.com/,
http://www.camping-valleedudoux.fr/,
http://www.camping-valdebonnal.com/,
https://www.camping-valbonheur.com/,
https://www.camping-utahbeach.com/,
https://www.camping-troisrois.com/,
http://www.campingtrionguen-belleile.com/,
http://www.camping-trezulien.com/,
http://www.camping-tourony.com/,
https://www.camping-terre-et-mer.com/?utm_source=google&utm_medium=organic&utm_campaign=gbp,
http://www.camping-tennie.com/,
https://www.camping-sunocean.fr/,
http://www.camping-source-ardeche.com/,
https://camping-sioule.fr/,
https://www.camping-signes.fr/,
https://www.camping-serigons.com/,
https://www.camping-saint-martin.fr/,
http://www.campingsaintmartin.fr/,
https://www.camping-saint-laurent.fr/?utm_source=Google&utm_medium=Mybusiness&utm_campaign=GoogleMyBusiness,
http://www.campingsaintgabriel.com/,
https://www.camping-saintflorent.com/?utm_campaign=gmb_search&utm_medium=organic&utm_source=google,
http://www.campingsaintclair.com/,
http://www.camping-sagone.fr/,
https://www.campingrouquie.fr/,
http://www.camping-roc-qui-parle-aveyron.fr/,
http://www.camping-roc-lavandre.com/fr/,
https://www.camping-residentiellesmarronniers.fr/,
http://campingramatuelle.com/,
https://www.campingquinquis.fr/,
http://www.camping-pyrenees-passion.fr/,
https://www.camping-pyrenees.com/,
http://camping-premorjal.com/,
http://camping-premian.fr/,
http://www.camping-port-punay.com/,
http://www.campingportmaubert.com/,
https://camping-portlavallee.com/,
http://www.camping-portedesvosges.com/,
https://www.campingpontdurouffet.fr/,
http://www.camping-pontarlier.fr/,
http://www.campingpleinsud.fr/,
https://www.campingplandeau.com/,
https://www.campingpinparasol.fr/?utm_source=google_my_business&utm_medium=organic&utm_campaign=cta_site_web,
http://www.camping-pinede-provence.com/,
https://www.campingpeyrelade.com/,
https://www.campingpetit-st-jean.com/,
http://www.camping-penermalo.fr/,
http://www.camping-orivage.bzh/,
https://www.campingomaha.fr/,
https://www.campingolivigne.fr/?utm_source=gmb&utm_medium=organic,
https://www.camping-oceane.fr/,
https://camping-oasisduberry.fr/,
http://www.camping-nouzarede.fr/,
https://www.camping-normandie-seine-maritime.com/,
https://www.campingnewday.fr/,
https://campingneufont.com/,
https://www.camping-municipal-de-la-plage.com/?utm_source=google&utm_medium=organic&utm_campaign=gmb,
https://www.campingmunicipaldelamanchette.com/,
http://campingmoulindejulien.com/,
http://www.camping-moredena.com/,
https://www.camping-montmartin.com/?utm_source=google&utm_medium=organic&utm_campaign=gbp,
https://www.camping-montelimar.com/,
http://www.camping-montech.fr/,
http://www.camping-monplaisir.com/,
https://www.campingmindin.com/,
http://www.campingmina.com/,
http://www.campingmilletoiles.com/,
https://www.campingmeretmontagne.fr/,
http://www.camping-mas-st-pierre.com/,
http://camping-massat.fr/,
http://www.camping-mas-de-reilhe.fr/,
http://campingmargot.fr/,
http://www.campingmanoirdebezolle.com/,
http://www.campingmalestroit.com/,
https://www.campingmaisonneuve.com/,
https://www.campinglubea.fr/,
https://www.campinglozere.com/,
http://www.campinglouvincen.fr/,
https://campingloupantai.com/,
https://www.camping-loreedubois.com/,
http://www.campinglombrage.com/,
https://www.camping-loisir-blois.com/,
https://www.camping-locronan.fr/fr/,
http://www.campinglhermitage.com/,
https://campingleverdoyant.fr/,
http://www.campinglevercors.fr/,
https://www.camping-le-varquez.com/,
http://www.camping-levalboise.fr/,
https://www.camping-lesvignes.fr/?utm_source=gmb,
http://www.campinglesvagues.fr/,
https://camping-les-trois-sablieres.com/,
https://www.campinglesterrasses.com/,
https://campinglestempliers.fr/,
http://www.camping-lessamaras.fr/,
http://camping-lessablesblancs.com/,
http://camping-les-sables.com/,
https://www.camping-lesrivieres.com/,
http://www.camping-lesrivesdudouet.fr/,
https://www.campinglesprimeveres.com/,
https://campinglespresmarcotte.jimdofree.com/,
https://www.campinglesportesdelabaiedesomme.com/,
https://www.campinglespalmiers.com/,
http://www.camping-les-nenuphars.com/,
http://www.camping-lesmouettes.fr/,
https://camping-les-monts-d-albi.com/,
http://www.campinglesmimosas.fr/,
http://campinglesmarines.com/,
https://camping-les-lupins.fr/,
https://camping-les-loges.com/,
http://www.camping-lesgresillons.fr/,
https://campinglesgoelands.fr/,
https://www.camping-lesgoelands.com/,
http://www.camping-les-genets.com/,
http://camping-les-foulons.com/,
https://www.camping-lesfalaises.com/,
https://campinglesescales.fr/,
https://www.camping-les-embruns.com/loisirs/lespace-bien-etre/,
https://campinglescruses.com/,
http://www.camping-les-cigognes.com/,
https://www.campingleschenesrouges.com/?utm_source=google&utm_medium=organic&utm_campaign=gmb,
https://camping-les-chemins-du-mont-saint-michel.fr/,
http://www.camping-les-chelles.com/,
http://www.camping-les-chataigniers.com/,
http://www.camping-lescerisiers.com/,
http://www.campinglescale.com/,
https://www.camping-les-bruyeres-83.com/,
http://www.campinglesblesdor.fr/,
https://www.camping-lesaubepines.com/,
https://www.campingles2vallees.com/,
http://www.campingles2salamandres.fr/,
https://www.camping-les12cols.fr/?utm_source=fiche-google&utm_medium=local&utm_campaign=gbp,
http://www.camping-le-rural.com/,
https://www.campinglerenom.com/,
http://www.campinglereclus.com/,
https://camping-le-raguenes-plage.com/,
http://www.campinglepressoir.com/,
http://www.camping-leportcheri.com/,
https://www.camping-lepetitbois.com/,
http://www.camping-lepearl.com/,
https://camping-le-pardaillan.com/,
http://www.camping-le-parc.com/,
http://www.camping-lentredeux.fr/,
https://campinglenauzanplage.com/?utm_source=google&utm_medium=organic&utm_campaign=gmb,
http://www.campinglenautic34.com/,
http://www.campinglemuret.com/,
https://www.camping-lemoulindeseffres.com/le-camping/#piscine,
https://www.camping-le-mouliat.fr/,
https://www.camping-lemontet-doleron.com/,
https://camping-lemondou.com/,
https://www.campinglemarqueval.com/,
http://www.camping-lelizot.fr/,
http://www.campinglelido.com/,
https://www.campinglelacsaintclair.com/,
https://camping-le-jardin.com/,
https://www.camping-lehautdick.com/,
https://www.camping-le-haras.com/,
https://campinglegurp-medoc.com/,
https://campinglegroeneveld.com/,
http://www.camping-legrandverney.info/,
http://www.campinglegrandlarge.fr/,
http://www.campinglegarillon.fr/,
http://www.camping-leflorival.com/,
https://www.campingledouzou.fr/,
https://www.campinglediben.com/,
https://camping-ledauphin.com/,
https://www.campinglecretoux.fr/,
http://camping-le-colomer.fr/,
https://camping-leclupeau.com/,
https://camping-leclosdesberges.fr/,
https://www.camping-leclairet.fr/fr-fr/,
http://www.camping-le-cians.fr/,
https://camping-lechenedulac.com/,
https://camping-lechene.com/,
http://www.camping-lechampneuf.com/,
https://camping-lecastella.com/,
https://camping-lebothdorouet.com/,
http://www.camping-le-botanic.com/,
http://camping-leau-vive.com/,
http://www.campinglavidaresse.com/,
https://www.campinglavaugelette.com/,
http://www.camping-lavallee.fr/,
http://campinglavallee.fr/,
https://camping-latama.com/?utm_source=google&utm_medium=organic&utm_campaign=gmb,
https://www.camping-la-source.eu/,
https://www.camping-larochepercee.com/?utm_source=google&utm_medium=organic&utm_campaign=gbp,
http://www.campinglariviere06.fr/,
http://camping-la-rabine.com/,
http://www.campinglapromenade.com/,
http://www.camping-lapresquile.com/,
https://www.camping-laplage.com/,
https://www.camping-la-pindiere.com/,
https://www.campinglapierredelaigle.fr/,
https://www.campinglapetiteville.com/,
https://www.campinglapalhere.com/,
https://www.campinglanven.com/,
https://www.camping-lannhoedic.fr/?utm_source=gmb,
https://www.camping-laneros.com/,
http://www.campinglamousquere.com/,
https://www.campinglamouline.com/,
http://www.campinglamontagne.com/,
https://www.campinglamarmotte.com/fr/,
http://www.camping-la-louve.com/,
https://www.camping-laguinguette.com/,
http://www.camping-laguichardiere.net/,
http://www.camping-lagriveliere.com/,
https://camping-lagraviere.com/,
https://www.camping-lagarenne.fr/,
http://www.camping-la-fregate.com/,
http://www.camping-lafoux.com/,
http://www.campinglafermeriola.com/,
https://campinglafaviere.fr/,
http://www.camping-lafaurie.com/,
http://campingladune.com/,
http://camping-ladeveze.com/,
http://www.camping-lac-savenay.fr/,
http://www.campinglaclongemer.fr/,
https://www.camping-lac-lislebonne.com/,
https://camping-laclape.com/?utm_source=google&utm_medium=organic&utm_campaign=gmb,
https://www.camping-laclairiere.fr/,
https://www.campinglacjumieges.fr/,
http://www.campinglachaup.fr/,
http://www.camping-la-chapelette.com/,
https://www.campinglacerise.fr/,
https://www.campinglacdusalagou.fr/?utm_source=google&utm_medium=organic&utm_campaign=gmb,
https://camping-lacdhautibus.com/,
http://www.camping-lacdescharmilles.com/,
http://www.campinglacdesaintcyr.fr/,
https://camping-lac-cevennes.com/,
https://www.camping-lac-annecy.com/,
http://www.camping-la-camargue.fr/,
https://www.camping-labruyere-savoie.com/,
https://camping-la-bourboule.fr/,
http://www.campinglabouliniere.com/?utm_source=gmb,
https://campinglaboriebasse.com/,
https://camping-labonnevie.com/,
https://camping-labesse.com/le-spa/,
http://www.camping-la-besorgues-ardeche.com/,
https://www.camping-labelleetoile.fr/,
http://www.camping-labaroche.com/,
https://www.campinglabaiedesveys.com/,
https://www.camping-kersentic.com/,
https://www.camping-jasdumoine.com/,
http://camping-jamoniere.com/,
https://www.camping-iscledeprelles.com/?utm_source=gmb,
http://www.camping-ile-percee.fr/,
https://camping-iledekernodet.com/?utm_source=google&utm_medium=organic&utm_campaign=gbp,
http://www.campingilechambod.com/,
https://www.campingideal.com/,
https://campinghorizonbar.com/,
http://camping-hippodrome.com/,
https://camping-herrenhaus.fr/,
https://camping-hermitage.com/,
https://www.camping-hautvillage.fr/,
https://www.camping-hautsderosans.com/?utm_source=google&utm_medium=organic&utm_campaign=GBP,
http://campinghautoreille.com/index.php/fr/,
https://www.camping-hauterives.com/,
http://haspelschiedt.fr/,
http://www.camping-graniers.fr/,
https://www.campinggrandr.fr/,
https://www.camping-gatteville.fr/,
https://www.camping-garrigon.com/?utm_source=google&utm_medium=organic&utm_campaign=gmb,
https://campingfraiteux.com/,
http://www.camping-fouesnant.com/,
https://www.campingfontpedrouse.com/,
https://www.campingfleurdebriere.com/,
https://camping-finistere.com/fr-fr/,
http://www.camping-fildeleau.com/,
http://www.campingfigurotta.com/,
https://www.camping-europe-murol.com/,
https://camping-esperance.fr/,
http://www.camping-eskualduna.fr/,
https://www.camping-erromardie.com/,
https://www.campingepibleu.com/,
https://www.campingenchonlespins.com/?utm_source=google&utm_medium=organic&utm_campaign=gbp,
http://www.campingeliana.com/,
http://www.campingduval.com/,
http://campingdutraspy.com/,
https://www.campingduport.com/,
https://camping-dupetitpont.com/,
https://www.camping-dunamunguy.com/,
http://www.campingdumolinel.fr/,
https://www.campingdumenhir.com/,
http://www.campingdulion.com/,
http://www.camping-du-lac-du-jaunay.com/,
https://www.camping-dulac-dordogne.com/,
https://www.campingdulacbourgogne.com/,
http://www.camping-du-lac-05.fr/,
http://www.campingdugrandsable.com/,
http://www.camping-du-futur.com/,
https://www.campingduchenevert.com/fr-fr/,
http://www.campingduboiscoquet.fr/,
http://www.campingdubatut.com/?utm_source=gmb,
https://www.camping-domaine-du-morbihan.fr/,
http://www.campingdigne.com/,
https://www.campingdetannee.fr/,
http://www.camping-des-tourbieres.com/,
https://www.campingdespins.fr/,
https://www.campingdespapillons.com/,
http://www.campingdesneiges.com/,
http://www.campingdesmyrtilles.fr/,
http://www.campingdeslandes40.com/,
https://www.camping-des-grottes.com/,
http://www.campingdesgrandscols.com/,
https://www.camping-des-familles.com/,
https://www.camping-deschevaliers.com/,
https://www.camping-des-cerisiers.fr/,
http://www.campingdesbondons.com/,
http://www.campingdesacacias.com/,
https://www.campingdes2plages.fr/,
https://www.campingderhuys.com/,
http://www.camping-de-poinsouze.com/,
http://www.campingdemontreal.com/fr,
http://www.campingdelpadel.fr/,
http://www.campingdelavallee03.fr/,
http://www.campingdelaroutefleurie.com/,
http://www.campingdelarigole.com/,
http://camping-de-larche.fr/,
http://campingdelamer.bzh/,
https://www.campingdelalaune.com/,
http://www.campingdelageres.com/,
http://www.campingdelabelleetoile.com/,
https://campingdelabaie.eu/,
https://www.campingdelabaie.com/,
https://campingdekeremma.fr/,
https://www.campingdegracay.com/,
http://campingdegourjade.net/,
https://camping-de-frasnoy.fr/,
http://www.camping-de-bergougne.fr/,
https://www.camping-croisee-chemins.fr/,
https://campingcouleursvendee.com/,
https://www.camping-cote-vercors.com/,
https://campingcotelac.fr/,
https://www.campingcotedeslegendes.com/?utm_source=google_my_business&utm_medium=site-web,
https://www.camping-clos-normand.fr/,
https://www.camping-clementine.fr/,
https://www.camping-cigales-ardeche.com/?utm_source=gmb,
http://www.camping-chanteraine.com/,
https://www.camping-champlong.com/,
http://www.camping-ceyrat.fr/,
http://www.camping-cerdagne.com/,
http://www.campingcastors.com/,
https://camping-cascade-aveyron.com/,
http://www.campingcadransolaire.fr/,
http://www.campingbruyeres.com/,
http://www.camping-boyse.com/,
http://www.campingbouldouires.fr/,
http://www.campingbonneval.com/,
http://www.campingboispastel.fr/,
http://www.camping-boiscoutal.com/,
https://campingbellevue17.com/,
https://www.campingbelleroche.com/,
http://www.campingbellehutte.com/,
https://www.campingbelle-etoile.fr/,
https://www.campingbelleetoile.com/,
http://www.camping-belepoque.fr/,
http://www.camping-beausoleil-gradignan.fr/,
http://www.camping-bastide.com/,
https://www.camping-baie-doree.fr/,
http://www.camping-aupredeletang.com/,
https://www.campingaufildeloo.com/,
https://www.campingaufildelavolane.com/,
https://www.camping-auboisduce.com/fr/?utm_source=gmb&utm_medium=organic,
https://www.campingauboisdormant.fr/?utm_medium=referral&utm_source=gmb&utm_campaign=lnk-gmb,
http://www.camping-asnelles.com/,
https://www.camping-arrouach.com/,
https://www.camping-arroch.com/,
http://www.campingarquebuse.com/,
https://www.camping-arpheuilles.com/,
https://www.camping-arche.fr/,
http://www.campingambois.com/,
https://www.camping-aloe.com/,
http://www.campingaleauvive.com/,
https://www.camping-abijune.com/,
http://www.camping81.com/,
http://www.camping-4-saisons.com/,
https://www.camping3vallees.com/la-residence,
http://www.camping3tilleuls.com/,
http://www.camping3pucelles-grenoble.fr/,
http://www.camping2laplage.com/,
http://www.campilo.com/,
http://www.campdesroses.fr/,
https://camillebecht.fr/,
http://www.camelia-institut.fr/,
https://www.camassade.com/,
https://camanosque.fr/,
http://www.calypso-wellness.fr/,
http://calypseau.fr/fr/m_1_accueil.php,
http://www.caloceanide.fr/,
https://www.calmedespins.com/,
https://www.calma-blanca-suite-spa.fr/,
https://www.callyx-trichology.com/,
https://calido.fr/,
https://caleflow.fr/,
https://calderaspas83.fr/,
https://calderaspas44.fr/,
https://calderaspas13.fr/,
https://www.ca-laloue.fr/,
https://www.calaisxxl.com/offres/a-voir-a-faire/cercle-aquariophile/,
https://www.calade-waterpark.fr/,
https://www.ca-formeo.fr/,
https://cafeventadour.fr/,
https://www.ca-fertesousjouarre.fr/,
https://ca-duneo.fr/,
https://www.ca-capucins.fr/,
http://www.cabinetdesbains.com/,
http://cabc.fr/?utm_source=Google&utm_medium=SEO&utm_campaign=GMB,
https://www.cabane-spa.com/,
https://www.cabanesdelapresle.com/,
https://ca-aygueblue.fr/,
https://aquacia.fr/,
https://www.c2-hotel.com/,
https://www.bwidf.com/,
https://www.buthiers.iledeloisirs.fr/piscine-et-jeux-deau-toboggans-centre-aquatique-detente/,
https://www.bulteaupiscine.fr/,
https://bullesetspas.com/,
http://www.bullesetdoucesheures.fr/,
http://www.bulles-et-detente.fr/,
http://www.bulles-de-bien-etre.fr/,
https://www.bullesdebienetre.fr/,
http://bulles2spa.com/,
http://www.bulledr-spa.fr/,
http://www.bulle-d-o.fr/,
http://www.bulle-de-beaute-aubigny.com/?utm_source=gmb,
https://bubble.spa/,
https://brunetta.fr/,
http://brumedorient.fr/,
https://www.hotel-binic.fr/,
http://www.bridgehotel.fr/,
https://www.breizh-cocoon.fr/,
https://www.breizhadrenaline.com/,
http://www.brehat-infos.fr/,
https://www.bpa-laceguzon.fr/,
https://www.boynes-massages.fr/,
http://www.bouscarasse.fr/,
https://www.bourgenbresse-panorama360.com/,
http://www.bouddhaspa.com/,
https://bouclesdeseine.iledeloisirs.fr/,
https://borne47-tarbes.fr/,
http://www.borieta.com/,
http://bordeaux-spas.com/,
https://www.bonoboparc.com/,
https://bomoment.fr/,
https://www.bois-fleuri.com/,
https://boiseo.fr/,
https://www.bohem-hotel.com/,
https://www.body-svelt.com/,
http://body-global.fr/,
https://bodyartist-academy.com/,
http://www.boathai-tours.fr/,
http://bnilegrande.fr/,
https://www.bluewaves-piscine.fr/,
https://www.bluespa-chartres.com/,
https://www.bluespa-arras.com/,
http://www.bluennboulon.fr/,
https://www.bluemoonspas.fr/,
https://bloom-lequilibre-interieur.fr/,
https://www.blackdoor.paris/triangle-or/bien-etre,
https://www.bizipoz.com/bizipoz-hotel,
https://www.biotyfull29.fr/,
http://www.bio-tyful.fr/,
http://www.biotyathome.fr/,
https://www.bionheur-et-serenite.com/,
https://www.billetweb.fr/multi_event.php?multi=u259946,
https://www.billetfonteret.fr/,
https://www.bijoux-depierre.fr/,
https://www.big-ce.pf/partenaires/tamatoa-massage-tahitien,
https://bien-hetre.fr/,
https://www.bien-etre-sur-mesure.fr/,
https://www.bien-etre-soi.fr/,
https://www.bienetreconfort.fr/,
http://www.bienetrebyyo.fr/,
http://bien-etrebygregory.fr/,
https://bien-etre-bollywood.fr/,
https://www.bien-etreattitude66.com/,
https://bh2o.eu/,
http://www.bfun-park.com/,
https://www.bernard-loiseau.com/fr/,
https://berjamin-paysage-piscine.fr/,
https://bergerie-pays-dauge.com/,
https://www.berangeredelhorme.fr/?utm_source=gmb,
https://www.beoma.fr/,
https://benodet-camping.fr/,
http://benjispa.fr/,
http://benessiri.com/,
https://belvedere-cevenol.fr/?utm_source=gmb,
https://belotti-massage.com/,
http://www.beloft-provence.com/,
http://www.belloreade.fr/,
https://www.belle-vue-hotel.fr/,
https://www.belleetoile-faverot.com/,
http://www.belleenbio.net/,
http://www.belfry.fr/,
http://www.belaircamping.com/,
http://www.beautywellspa.com/,
http://www.beautynspa.fr/,
https://www.beautesante-institut.fr/,
http://beautenaturelle91.com/,
http://beaute-legerete.com/,
https://beauteetspa.com/,
http://www.beaute-bienetre.com/,
http://beaussaisaventure.fr/,
https://beaulieupark.fr/,
https://bds-piscine.com/,
https://www.baw-sports.com/,
https://www.bastide-entraigues.com/,
http://www.bastelica.fr/hebergement/adirectory/item/33-camping-minocchi/5-hebergement,
http://bassinsencascades.com/,
https://baseloisirs-saintferreol.fr/,
http://www.basedejumieges.fr/,
https://bartaccia.fr/,
https://www.barolles.fr/,
http://www.bardelet.com/,
http://banthaisiam.fr/,
https://bambinospa.fr/,
https://www.balneasante.com/,
https://www.balladins.com/fr/mon-hotel/dieppe/,
http://balconsdelesperance.fr/,
https://bainsdebaracci.fr/,
http://www.bainfoch.com/,
http://www.baindeforet-hardelot.fr/,
https://baieessentielle.fr/,
http://www.baiedesanges.com/,
http://www.baia-spa.com/,
http://baiasoave.fr/,
https://www.ayurveda-metz.com/?utm_source=google&utm_medium=wix_google_business_profile&utm_campaign=6274060102117799633,
http://www.ayurom.fr/,
http://www.ayuretsens.fr/,
https://www.aychampagneexperience.com/,
http://www.avonsquash.com/,
http://www.aventurio.fr/,
https://www.aventures-sudgironde.fr/aquapark/,
https://aventureparc-aramits.fr/,
http://www.avelchars-a-voile.com/,
http://www.avadina.fr/,
https://www.auxvallons.fr/,
https://www.auxtroischenes.com/,
https://www.auxportesdelabaie.fr/,
https://aux-petti-soins.fr/,
https://auxpetitssoinsnature.fr/,
https://www.auxboriesmarquay.fr/,
https://www.aux2cabanes.fr/,
http://www.auvieuxchateau.com/,
http://www.auterive-adventures.com/,
https://www.autempssuspendu.com/,
http://www.aussivraiquenature.com/,
http://www.auspa51.com/,
http://www.auspa.fr/,
http://www.au-sans-souci.com/,
https://aurum-spa.com/,
https://aurelle-massage.fr/,
https://www.aurelaisdeslilas.com/,
https://www.aurealys-epilationlaser.fr/,
https://www.aureakinesis.fr/,
http://aura-spa.fr/,
https://aupresduclocher.com/,
http://aumcenter.fr/,
https://www.aulagonspa.fr/,
http://www.auhangar.fr/,
https://www.augustins1261.com/la-maison-dhotes/,
https://www.augersarl.com/,
http://www.audoubsmurmure.fr/,
http://audinghen-capgrisnez.fr/,
https://www.aucoqdort.com/,
https://aucoinduspa.fr/,
https://aucoeurdubienetre.fr/,
https://www.aucoeurdeluniversdubienetre.fr/,
https://au-castellas.fr/,
https://au-camping-roubaisien.fr/,
http://www.auboisdecalais.com/,
http://www.aubienetre.com/,
http://www.aubergesaintthegonnec.com/,
http://www.aubergepompoire.fr/,
http://www.auberge-luzerne.fr/,
https://www.aubergelecantou.com/,
http://www.auberge-lac-guery.fr/,
https://www.auberge-fluhr.fr/?utm_source=Google&utm_medium=My%20Business,
http://www.aubergedumorge.com/,
http://www.aubergeduchateau.com/,
http://www.auberge-du-centre.com/,
http://aubergeducanal.com/,
http://www.aubergedesvignes.fr/,
https://www.auberge-des-moissons.com/,
https://www.aubergedesglazick.com/fr/,
https://www.aubergedes4chemins.com/,
http://www.aubergedeloumede.com/,
https://auberge-de-la-vallee-de-la-gorre.dousto.com/,
https://www.aubergedelatuiliere.com/,
http://aubergedelagrive.com/,
https://www.auberge-de-germ.fr/,
https://aubergedecharance.fr/,
http://www.auberge-de-boisset.com/,
http://www.aubergedebeaute.com/,
https://www.aubergecoteriviere.com/,
https://www.aubergealpina.fr/,
https://au2-maisondhotes.com/,
https://atrium-spa.fr/,
https://atres.fr/,
https://www.atlanticwakepark.com/,
http://www.atlantic-toboggan.com/,
https://atlantic-park.com/,
https://www.atlantic-jump.com/,
https://athomeresidence.fr/?utm_source=google&utm_medium=gmb&utm_campaign=suivi-gmb,
https://www.atheliapiscines.fr/,
https://atelier-piscine-spa.fr/,
http://www.atelierdubienetre.org/,
https://atelierbeaute-angers.fr/,
http://www.at91.fr/,
https://www.astronarium.fr/,
http://www.associationequilibreharmonie.yj.fr/,
http://www.aspanet.net/,
https://asc-natation.fr/,
http://www.asa-z5.com/,
https://arzen-beaute.fr/,
https://www.arudy.fr/se-distraire/infrastructures-sportives/piscine,
https://www.arthaya-massage.fr/,
https://art-essentiel.fr/,
https://www.artaix.fr/,
https://www.arruskenn.com/les-saunas?lang=fr,
https://www.arriou.com/,
https://www.aromana.fr/,
https://www.aroma-bienetre.fr/,
http://www.armesdechampagne.com/,
https://armelle-munier-massages-bien-etre.com/index.html,
http://www.armancette.com/,
https://arino-entretien-piscine.fr/,
http://www.arianefoshotel.com/,
http://www.ariane-even.fr/,
http://www.arduen.com/,
https://archipelduvincin.fr/,
https://www.archipel-aquacentre.fr/,
https://arcencielhotel.com/,
http://www.arbousiers.fr/,
http://www.arboretumdesgrandesbruyeres.fr/,
http://www.arbor-et-sens.fr/,
http://www.aqwaitineris.fr/,
https://www.aquoisia.fr/?utm_campaign=GMB&utm_medium=SEO&utm_source=Google,
https://aquoise.fr/,
https://www.aquazone-piscines.com/,
https://www.aquazergues.fr/,
http://www.aquazen-spa.fr/,
https://aquazena.fr/,
https://www.aquawifun.com/,
http://www.aquawellness-spa.fr/,
http://www.aquavire.com/,
http://www.aquavexin.fr/,
https://www.aquavex.fr/,
https://www.aquaven-piscine.fr/,
http://aquavallons-vhbc.fr/,
https://aqua-tlantis.fr/,
https://www.aquaticplay.fr/,
https://www.aquaticlagoon.fr/,
http://aquaticapiscines.com/,
https://aquathelle.fr/?utm_campaign=GMB&utm_medium=SEO&utm_source=Google,
http://www.aquaterra-paysages.fr/,
http://www.aquatech-services.fr/,
https://www.aquatec-europe.com/fr/,
https://www.aquasystemes17.com/,
https://www.aquasudspas.fr/,
https://aquastory.fr/,
https://www.aquasteryl.com/,
http://aquastapiscines.com/,
https://aquastade.fr/,
https://aquaspot-carvin.fr/,
http://www.aquasportetsante.com/,
https://www.aquasplash.fr/,
https://aquasession.com/,
https://www.aquasensia.fr/,
https://aqua-senart.fr/,
http://www.aquaschool.fr/,
https://aqua-scene.fr/?utm_source=gmb,
https://aquarya-piscines.fr/,
http://www.aquarock.fr/,
http://aquarives.fr/,
http://www.aquariumrefuge-limoges.com/,
http://www.aquariumlyon.fr/?utm_source=GBP&utm_medium=site-web,
http://www.aquarium-des-tropiques.com/,
http://www.aquarium.fr/,
https://aquaretz.fr/,
https://aquarena.fr/,
https://aqua-protect.fr/,
https://aquaprohydraulique.fr/,
https://www.aquapoolco.fr/contact.html,
https://aquapole-amiens.fr/,
https://aquapiriac.fr/,
https://www.aquaphysiosport.fr/cryotherapie,
https://www.aquaphil74.com/,
https://www.aquaperfect.net/,
https://www.aquapassion.fr/,
https://www.aquaparkparisot.fr/,
http://aquapark-lunas.fr/,
https://www.aquapark.fr/,
https://www.aqua-parc-aigueleze.fr/,
http://www.aqua-oxygene.fr/,
https://aquaouest.fr/,
https://aquanova-america.fr/,
https://aqua-nice.com/,
https://aquanacre.fr/?utm_source=Google&utm_medium=SEO&utm_campaign=GMB,
http://www.aquamoment.fr/,
https://www.aquamagie.fr/,
https://www.aqualys-piscines.com/,
https://aqualys-paysages.fr/?utm_source=google&utm_medium=organic&utm_campaign=gbp,
https://aqualypso.fr/,
http://aqualud.com/,
http://www.aqualomois.fr/,
http://www.aquallia.fr/,
https://aqualithe-paysage.fr/,
https://www.aqualiss.net/,
https://www.aqualens.fr/,
http://www.aqualearn.fr/,
https://www.aquakidsgliss.fr/,
https://aqua-innov.com/?utm_source=MyBusiness,
https://www.aqua-in.fr/,
https://aqua-horizon.fr/,
https://www.aqua-home-services.fr/,
https://aquaherbignac.fr/,
http://www.aquagymdesolonnes.fr/,
https://aquaguerande.fr/,
https://www.aquagrement.fr/,
https://aquafunpark-laives.fr/,
http://aquafunparkclarens.fr/,
https://aquaforzen.fr/,
https://www.aquafly.fr/,
http://www.aquaflospa.com/,
https://aquafixrenovate.fr/,
https://aquafitsqy.fr/,
http://www.aquafitbag.com/,
https://www.aquaevent.fr/,
https://aqua-diva.fr/,
http://www.aqua-detente.fr/,
https://www.aquadesign-piscine.fr/,
https://www.aquadduction.com/,
http://www.aquaculture-partners.com/,
http://www.aquaclean.fr/,
http://www.aqua-city.fr/,
https://aquacienne.fr/,
https://www.aquacaux.fr/,
https://www.aquacareservice.fr/,
http://www.aquacabana.net/,
https://www.aquaboulevard.fr/,
http://www.aquablue-sas.fr/,
http://www.aquabikemarseille.com/,
http://www.aquabikecentercastries.com/,
http://www.aquabikecenter.club/,
https://www.aquabelleau.fr/,
https://aquabeaute-esthetique.fr/,
http://aquabain.bzh/,
http://www.aqua-attitude.fr/,
https://aqua2lacs.fr/,
http://www.aponibienetre.com/,
https://aparra-surfcamp.com/,
http://www.aoubre.fr/,
https://aoe35.com/,
http://www.anyma-bien-etre.fr/,
https://www.antares-honfleur.com/fr/,
http://www.annecyskinautique.com/,
http://anim-nature.com/,
https://www.anhabienetre.com/,
http://www.anglet.fr/,
http://www.swimcenter.fr/reseau-swimcenter/swimcenter-vannes-plescop/,
https://www.angels-hotel.fr/,
https://www.anazen-massages.fr/,
https://ananditayurveda.com/,
http://www.anahata-studio.fr/,
http://anaeland.fr/,
http://www.anabaaspa.com/,
http://www.amtc-fitness.com/,
http://www.amprana.fr/,
https://ampiscines.fr/,
http://ammadam.fr/,
http://www.amext.fr/,
http://ameliebienetre.fr/,
https://www.ambre.bzh/,
http://www.ambianspa.com/?utm_source=gmb,
https://www.ambiancespa-valence.fr/,
http://www.ambiancesetspa.com/,
http://www.ambiancecaramel.fr/,
https://ambiance-bien-etre.fr/,
https://www.ambiance-bienetre.fr/nos-magasins/brive-la-gaillarde/,
http://www.ambiancebeaute.fr/,
https://www.ambianceaqua.fr/,
https://www.amberieumarathon.fr/,
https://www.ambassadeurhotel.com/,
http://www.amamspa.com/,
http://www.alysson-hotel.fr/,
http://alunisson-massage.com/,
https://www.altituderesidences.com/residence/chalet-hotel-turquoise-16,
http://www.alsace-camping.com/,
http://alovive.com/,
http://www.alombredazay.fr/,
https://www.alohaspa.fr/,
http://www.aloha-piscine.fr/,
http://www.aloha-les-enfants.com/,
https://www.almafit.fr/,
https://www.alliancepiscines42.fr/,
https://alliance-beaurains.fr/,
http://al-laloggia.com/,
https://www.alividiarestonica.com/?id=1&langue=fr,
https://alfredsevestre.fr/,
http://www.alesia.com/,
http://www.albi-croisieres.com/,
http://www.alaya-bienetre.com/,
http://www.alatomassages.com/,
http://www.alasource-bienetre.fr/,
http://www.alarbrevert.fr/,
https://www.alabridelocean.fr/fr-fr/,
https://www.ak-poolservices.fr/,
https://www.aixpertmassages.fr/,
http://aiguemarine-spa.fr/,
https://aguamundo.fr/,
http://www.agostafunbeach.com/,
http://www.agglo-royan.fr/piscine,
https://agencepiscines.com/,
http://www.agap-et-morphee.fr/,
https://www.agape-hotel.com/,
https://agafay-spa.fr/,
https://www.after-swim.com/contact,
https://afleurdevie.fr/,
https://www.afleur2mains.com/,
https://aether-cagire.fr/,
http://www.aerya.fr/,
https://www.ael-energies.com/,
https://www.adrenature.fr/,
https://www.adrenaline06.com/,
https://www.adonis-paysages.com/piscines/,
https://www.adh-paysages.com/,
https://activ-minceur.fr/,
http://www.actiligne.fr/,
http://www.acroforest.com/,
http://acorpsdame.fr/,
https://www.acm-spa.com/,
https://aclm-migennois.fr/,
https://www.accrojump.fr/,
http://www.accrobranche-auxois-morvan.fr/,
https://www.acacias.fr/,
http://www.abrieshotel.fr/,
https://abri-do.fr/,
https://www.abridespins.com/,
https://www.aboral.fr/distributeur/2d-constructions/,
https://www.abbies.fr/,
http://www.a2bservice.fr/,
http://www.7hotel.fr/,
https://2lcollection.com/cinq-codet.html,
https://www.2bewell.fr/,
https://www.123plongez.fr/,
https://www.11imperial.fr/,
https://1040tourmalet.fr/,
https://1001galops.fr/,
https://www.magicfit.fr/salle-de-sport-yvelines-78/mere/,
http://adonara.fr/,
https://cryotera.fr/cryotera-reims/,
https://www.lavillaguy.com/,
http://www.lespresvolants.com/,
https://www.youfun.com/?utm_source=google&utm_medium=organic&utm_campaign=mybusiness-website,
https://boscolocollection.com/nice/,
https://www.ville-lachapellesaintmesmin.fr/sport/equipements-sportifs/piscine-municipale/,
https://www.graviti.fr/,
https://camping-la-riviere.com/,
https://ville-chalette.com/centre-aquatique-claude-blin/,
https://www.balicina.fr/,
https://www.beelodge.com/?utm_source=refdirect&utm_medium=espace_proprietaire&utm_campaign=direct&utm_id=google_my_business,
https://www.balmeo.fr/activites-cote-pavee/,
http://www.agglo-moulins.fr/services-equipements/l-ovive.html,
http://www.ville-hem.fr/,
http://www.thermelite-lyon.fr/,
http://www.mairie-montigny.fr/fr/information/68138/la-piscine-municipale,
https://bo-resort.com/fr/bien-etre/,
https://www.poitiers.fr/piscine-lagon,
https://www.europapark.de/,
https://www.chaismonnethotel.com/spa,
http://www.appartspa21.com/,
https://www.antares-meribel.com/antares-wellness,
http://www.terrass-hotel.com/,
https://www.royal-riviera.com/,
https://www.reservebeaulieu.com/,
https://www.reservebeaulieu.fr/hotel-luxe/espace-bien-etre/spa-cote-azur/,
https://www.majestic-hotel.com/,
http://www.hotelmontblanc.com/,
http://www.hotel-lancaster.com/,
https://www.heliopic.com/,
https://fleurdeloire.com/?utm_source=MyBusiness,
https://www.fermesdemarie.com/hiver/spa-megeve-pure-altitude,
https://www.berryhillresort.com/spa-wellness,
https://aiglons.com/?utm_medium=organic&utm_source=google&utm_campaign=gmb-main,
https://www.otop73.com/le-club/,
https://www.aubagne.fr/piscine,
http://www.paysvoironnais.com/,
https://largalyde.com/,
http://www.ville-sinnamary.fr/,
http://www.hyeres.fr/,
https://www.ville-hoenheim.fr/les-aires-de-jeux-et-promenades/,
https://www.ville-franconville.fr/mes-services-et-demarches/vie-sportive/csl-le-centre-de-sports-et-de-loisirs/,
https://www.rochermistral.com/,
http://www.portededromardeche.fr/,
https://www.paysdebarr.fr/fr/les-communes/zellwiller,
http://www.parc-naturel-narbonnaise.fr/,
https://www.orgnacvillage.com/camping-orgnac-ardeche.html,
https://www.mareuilsurlay.fr/fr/rb/1105587/piscine-municipale-1,
https://www.mairie-villetaneuse.fr/parcs-et-jardins,
http://www.villemomble.fr/la-piscine-municipale/,
https://www.lesoceades.fr/instituts/nos-instituts/sarge-les-le-mans/,
https://www.indeauville.fr/sejour/parc-calouste-gulbenkian/,
https://www.idex.fr/,
https://www.grandorb.fr/Sortir/BaseDeLoisirs.html,
https://www.fontenayvendee.fr/centre-aquatique-oceanide/,
https://www.erdre-en-anjou.fr/piscine,
http://www.cournon-auvergne.fr/Cadre-de-vie-et-environnement/Plan-d-eau,
http://www.cobac-parc.com/,
http://cnsciez.fr/,
http://www.chateauhochberg.com/,
http://www.ch-albert.fr/,
https://www.bedarieux.fr/Vivre/Village-de-gites-le-Campotel-des-3-Vallees/1/4583.html,
https://www.arzon.fr/le-parc-du-fogeo/,
http://www.aquarium-st-malo.com/,
https://agglo-saintes.fr/au-quotidien/culture-tourisme-et-loisirs/centre-aquatique-aquarelle/,
https://www.mauvezin.fr/decouvrir/19396,
https://www.valencay.fr/loisir.php#15,
https://www.creuseconfluence.com/loisirs/piscines/piscine-evaux-les-bains,
https://www.cc-pays-riolais.fr/,
https://casas57.fr/nos-competences/tourisme/complexe-nautique/,
https://www.visitalsacerhinbrisach.com/,
https://www.larobeyere.com/nuxe-spa/,
https://www.rcdm.fr/fr/?utm_source=mybusiness&utm_medium=organic&utm_id=mybusinessorganic,
https://www.parrotworld.fr/fr?utm_source=gmb&utm_medium=website_link&utm_campaign=fiche-google,
https://www.mon-spa.net/,
http://www.manoirdelapoterie.fr/,
https://www.maisonblanchebievres.com/,
https://www.hotel-plaisance.com/,
https://hapik.fr/centres-tarifs/caen-mondeville?utm_campaign=gmb&utm_content=caen-mondeville&utm_medium=organic&utm_source=google,
https://www.cotegaronne47.com/,
https://www.ville-feyzin.fr/je-veux/faire-du-sport-et-sortir-a-feyzin/piscine-d-ete,
https://jm-distribution.fr/,
http://www.valcenis.ski/,
https://www.perigordgites.com/,
https://www.mairie-thones.fr/fr/gl/2586209/24845/piscine-municipale,
https://www.lebaillidesuffren.com/,
http://www.lacroixdesavoie.fr/,
https://www.institutaazen.com/,
https://sarreguemines-natation.fr/,
https://www.noyant-villages.fr/culture-sports/la-piscine/,
https://www.institutladouceheure.fr/,
http://www.energy-valley-jouy.fr/,
https://cyvp.com/camping/,
https://www.sauna-hammam.fr/,
https://www.centrakor.com/magasin-centrakor/centraffa1/centrakor-yenne-73170.html?utm_source=gmb,
http://www.vannescamping.com/,
https://www.clembienetre.com/,
http://www.camping-morbihan.bzh/,
http://www.hotelclairmatin.com/,
https://www.salineroyale.com/hotel-restaurant/hotel/,
https://hamao.fr/,
https://www.mairie-orly.fr/contacts/piscine-municipale/,
http://www.ciortf.com/decouvrir/sejour/chancay-270.html#hebergements,
https://bienetreauxsouvenirsdantan.fr/,
https://les-etoiles-tonnerre.fr/,
https://www.evoleoz.fr/praticiens/calma-head-spa-colombes,
https://www.institutsakura.com/,
https://www.parc-evasion.com/,
http://www.portesdedeauville.com/,
http://www.larochesurforon.fr/les-espaces-verts-1164,
http://www.vendargues.fr/,
https://www.lesdamias.com/,
http://www.vendeuvre.com/,
http://www.lagrangefort.eu/,
http://www.villerouge.fr/,
http://cpie-broceliande.fr/,
http://www.prazarly.fr/,
https://www.qcterme.com/fr/destinations/chamonix/qc-spa-chamonix,
https://pierresetlavandes.com/,
https://www.montbard.com/index.php/tourisme/camping-municipal,
http://www.cvmarcon.fr/,
http://www.brive.fr/,
https://ville-isle-adam.fr/ma-ville/lintercommunalite/piscine-intercommunale-de-parmain-lisle-adam,
https://cemavie.fr/solution-vie/bon-accueil-touvois/,
http://www.ocoeurdubien-naitre.fr/,
https://www.lessibelles.com/,
http://www.chrysalid.bzh/,
https://www.saintquenin.com/,
http://www.bienetre-74.com/,
https://www.doubs.travel/decouvrir/nature/le-sentier-karstique-du-grand-bois/,
https://www.paysdelaigle.fr/,
https://www.chateauneufsurcher.fr/tourisme/complexe-des-eaux-vives,
http://www.ccpaysdecruseilles.org/services/centre-nautique,
https://ccbdp.fr/vivre-ici/base-de-plein-air-de-la-guillou/,
https://www.saint-medard-en-jalles.fr/page/ma-mairie/equipements-et-infrastructures/sport/espace-aquatique,
https://www.mairie-tournefeuille.fr/proximit%C3%A9/piscine-municipale/,
http://www.cebazat.fr/Le-parc-Pierre-Montgroux.html,
http://www.croixbleue.fr/Camping-de-Vernoux,
http://massage-bienetre-beaupreau.com/,
http://www.harmonia-massages.fr/,
http://www.douceligne.fr/,
http://www.beautyterrhappy.com/,
https://www.aqua33.pro/,
http://www.pasitheathome.fr/,
https://www.institut-beaute-orgerus.fr/,
http://www.tuvb.org/,
https://www.grainedereves.fr/,
http://mulhouse.fr/,
https://massagebienetreolena.fr/?utm_source=google&utm_medium=organic&utm_campaign=gbp&utm_content=website,
http://www.lareposee.fr/,
https://cenoteplaisir.com/,
https://www.lesloges.com/,
http://www.chasseneuildupoitou.fr/,
https://www.vertbordeau.com/,
https://www.riezalavie.com/,
https://www.moulin-de-chaules.com/,
http://www.loussuais.com/,
https://www.loreedulac.net/,
https://www.loireetchateaux.com/?utm_source=google&utm_medium=organic&utm_campaign=gbp,
http://www.levaldamour.com/,
https://www.letampico.fr/,
http://www.lespastourels.com/,
http://www.lesaintjames.com/,
http://www.lepredumoulin.com/,
https://www.lepinada.com/,
https://www.laviste.fr/,
https://www.la-simioune.fr/?utm_source=google&utm_medium=organic&utm_campaign=GBP,
http://www.laroseraie.com/,
http://www.lamagaudie.com/,
https://www.lachapouliere.com/,
https://www.humawaka.com/,
http://douzy.com/,
https://www.domainedesenaud.com/,
https://domainedelalle.fr/,
https://www.des2rives.com/,
https://www.clos-therese.com/?utm_source=google&utm_medium=my-business&utm_campaign=google-my-business,
https://city-nature.com/,
https://www.chausseliere.com/,
http://www.campinglesforges.com/,
http://www.camping-lerotja.com/,
http://www.campingcezannesaintevictoire.com/,
https://www.camping2plages.com/,
http://www.bois-et-toiles.com/,
http://www.aucoeurdevendome.com/,
https://au-coeur-des-vignes.com/,
https://www.camping-sainte-madeleine.com/fr/,
https://www.chainethermale.fr/jonzac,
https://calendly.com/pgs-elodie,
https://caenlamer.fr/piscine-grace-dieu,
https://www.normandie-piscine.fr/,
http://www.residencetynoal.com/,
http://www.ville-arques.fr/index.php?option=com_content&view=article&id=90:artjardinpublic&catid=96:promenades&Itemid=201,
https://www.sablesursarthe.fr/ouverture-de-lespace-henri-royer-le-1er-mai/,
soins du visage,
https://tabletterie.fr/,
http://www.ot-lelavandou.fr/,
https://wellneo.fr/,
http://www.chs-savoie.fr/,
https://www.premierinn.com/de/de/hotels/deutschland/saarland/saarbruecken/saarbrucken-city-centre.html?cid=GLBC_SAACIT,
http://www.ch-uriage.com/,
https://quickepil.net/instituts/institut-quick-epil-altkirch/,
https://www.showroom-spa-sauna.fr/,
http://www.escapad-loisirs.fr/,
http://www.spa-lepatio.fr/,
http://www.designpool.fr/,
https://www.bellevigne-hotels.com/,
https://maelis-centrelaser.com/epilation-laser/antony/,
http://www.edenkids.fr/,
https://centralhostel.fr/nos-destinations/bordeaux/dortoir-bordeaux/,
https://www.aquafit33.com/,
https://www.raffles.com/paris/spa/,
https://www.chateaumonfreville.com/,
http://www.stuga.fr/,
https://www.palmenwald.de/,
https://www.lanchers.com/,
http://www.hotelgalanthus.com/,
https://www.domainedumaraisvernier.com/,
https://camping-lac.com/?utm_source=google&utm_medium=organic&utm_campaign=gmb,
http://www.bellenormandy.com/,
https://www.bestwestern.de/hotels/Trier/Best-Western-Hotel-Trier-City/hotel?etcc_cmp=dima&etcc_med=online&etcc_partner=gmb&et_cmp_seg1=paid&et_cmp_seg3=GmB_95518_trier&etcc_grp=google&iata=00174700,
http://www.tsubahotel.com/,
http://www.lamaisondaix.com/,
http://www.masblanc.nl/,
https://www.whistlerparis.com/?utm_source=gmb&utm_medium=organic&utm_campaign=gmb_whistler,
https://terre-de-soleil.fr/,
http://www.suryalavie.com/,
https://www.spamariedebourgogne.com/fr/?utm_source=mybusiness&utm_medium=organic&utm_id=mybusinessorganic,
https://www.rdvdeschasseurs.com/,
https://quinzeriehotel.fr/,
https://perchehoteldefrance.fr/,
http://neaspa.fr/,
https://www.naussac.com/fr/page/accueil-stage-triathlon-lozere-naussac.43.html,
https://massagesbienetrecantal.fr/,
http://www.madameimagine.com/,
https://www.loucalen.com/,
http://www.lez-eaux.com/,
http://www.lerocherducerf.com/,
https://lelavoisier.com/?utm_source=gmb&utm_medium=organic&utm_campaign=gmb_lavoisier,
http://www.lazhotelparis.com/,
http://www.laparesseendouce.nl/,
https://lamaisondesducs.fr/,
https://www.lake-hotel-courchevel.com/fr/,
https://www.ladouceurangevine.fr/,
https://kassiopee.fr/,
https://www.hotelvincidue.com/?utm_source=gmb&utm_medium=organic&utm_campaign=gmb_vinci_due,
https://hoteltoujours.paris/?utm_source=gmb&utm_medium=organic&utm_campaign=gmb_toujours,
https://hotel-rosalie.com/,
https://hotelpilgrim.paris/?utm_source=gmb&utm_medium=organic&utm_campaign=gmb_pilgrim,
https://hotelormaie.paris/?utm_source=gmb&utm_medium=organic&utm_campaign=gmb_ormaie,
https://hotel-josephine.com/fr/,
https://hotelginette.com/?utm_source=gmb&utm_medium=organic,
https://hotelfiligrane.paris/?utm_source=gmb&utm_medium=organic,
https://hotelchatnoir.com/,
http://www.hotel-capricedesneiges.com/,
https://www.hotel-bordeaux-clemenceau.com/fr/,
http://www.hotelbleucarry.com/,
https://hobou.com/fr/index.html,
https://en-nature-simone.fr/,
http://www.ecoasis.fr/,
http://domainedolga.fr/,
https://domainedeserraval.com/,
https://www.domainedelolivier.net/,
http://www.domainedelaplage.com/,
https://www.charlottebarbier.fr/,
http://www.centreojawhar.com/,
https://www.camping-les-bruyeres.fr/,
http://camping-bel-air.com/,
https://www.bainsdepsom.fr/,
http://www.auxlogisdulac.fr/,
https://www.aube-champagne.com/fr/poi/plage-de-mesnil-saint-pere/,
https://www.atelierdesrevesrouen.com/,
https://apalaveda.fr/,
http://www.altapeyra.com/,
https://www.abbayeoriocourt.com/,
http://letempsestvenu.eu/,
https://aquavithal.fr/,
http://www.chateaudegermigney.com/,
https://www.lesterresdenatae.fr/,
http://www.chateau-beaugency.com/,
http://www.lacdemontriond.com/,
https://unua-institut.fr/,
https://www.panette.fr/hotel-panette,
https://morbihan.com/decouvrir/le-morbihan-et-ses-perles-bretonnes/destination-iles-du-morbihan/hoedic/,
https://lhoteldefrance.fr/,
https://lacabanedescausses.com/?utm_source=google_maps,
https://www.labastidediris.com/,
https://www.grandhoteldugolfe.com/spa-hammam-argeles/,
http://www.espritnaturecorreze.com/,
https://www.domainedubelvedere.com/,
http://www.domaine-bellavigne.com/,
http://www.camping-stmartin.fr/,
https://akasha-espace-ressources.fr/?utm_source=google&utm_medium=organic&utm_campaign=google_business_profile&utm_content=website,
http://adelysnature.com/,
https://www.ville-saint-pourcain-sur-sioule.com/sortir/loisirs/piscine-municipale/,
https://saintjeandhermine.fr/la-ville/equipements-publics/espace-aquatique/,
http://www.mairie-millery.fr/,
https://www.caese.fr/se-divertir/piscines/piscine-angerville/,
https://www.instantbiennaitre.fr/,
https://www.thehotel-versailles.fr/,
http://spa-auto.fr/,
http://www.chezgillesetmarika.com/,
https://www.lesarahb.fr/,
https://www.parc-oriental.com/,
http://www.barleys.fr/,
http://bergzaberner-hof.de/,
https://www.beaune.fr/culture-et-loisirs/la-vie-sportive/,
https://bbg-institut.fr/,
http://www.bordeaux-hotel.com/,
https://www.cnbauduen.com/,
http://lapignata.fr/,
https://www.lachapelle-annecy.com/,
http://www.royatonic.com/,
https://www.destination-montlozere.fr/,
https://www.bagheera.fr/,
http://www.cpie-pays-de-bourgogne.com/,
http://www.serrecheaventure.fr/,
https://www.loksiamspa.com/,
https://so-mom.fr/,
https://donevie-aubienetre.fr/,
https://aurazen.website/,
https://www.bellesetspa.fr/,
https://www.aureliemassage.com/,
https://www.baiedequiberon.bzh/plouharnel,
http://www.tourisme-eguisheim-rouffach.com/,
https://www.afpa.fr/centre/centre-de-creil?utm_source=gmb&utm_medium=organic&utm_campaign=GMB,
http://www.apeiseinemer.fr/,
https://musee-nacre.fr/,
https://lechambon.fr/sport-et-vie-associative/#aqua,
http://www.ccvcommunaute.fr/culture-loisirs/maison-archeologique-combrailles/,
https://www.cccps.fr/services/tourisme-loisirs-sport/equipements-sportifs-culturels/piscine/,
http://www.mauriac.fr/,
https://www.ersteinaquaticclub.fr/,
https://nori.camp/,
https://renard-eau.fr/,
http://www.eureka41.fr/,
https://aquaviaspa.com/fr/content/magasin-spas-nantes,
http://www.aquatica.fr/,
https://aquatechnique.fr/,
http://www.aps21.net/?utm_medium=referral&utm_source=gmb&utm_campaign=lnk-gmb,
http://www.valleebleue.org/,
http://www.aquaoceane.fr/?utm_source=gmb,
http://www.cc-foret.fr/page/equipements-aquatique,
http://www.groupeaqualande.com/,
http://www.aquadif.com/,
https://groupe-lespa.com/,
https://www.sunweb.be/nl/skivakantie/frankrijk/les-sybelles/le-corbier/hotel-mont-corbier,
https://www.campingfrance.com/de/suchen-sie-ihren-campingplatz/provence-alpes-cote-dazur/alpes-maritimes/lantosque/les-merveilles#gen-service-3,
https://linstantcharnel.fr/,
http://premicestherapies.com/,
http://www.laromanetiere.com/,
http://corexperience.fr/,
https://www.tonnay-charente.fr/index.php/au-quotidien/equipements-publics/piscine,
https://www.rivesdemoselle.fr/,
http://www.parcdechambaran.fr/,
https://www.ville-rieumes.fr/piscine/,
http://www.colosaintandre.fr/,
https://www.auris-en-oisans.fr/equipement/piscine-decouverte-chauffee/,
https://www.rochefort-ocean.com/,
https://www.bocage-mayennais.fr/bocage-mayennais_sortir-se-divertir_piscines.phtml,
https://namastzen.fr/,
https://www.labaumediris.fr/,
https://dansmabulle.eu/,
http://centre-ayurvedique-adi-shakti.fr/,
https://www.osirismassage.fr/,
http://www.viola-materiaux.fr/,
http://www.memorial-charlesdegaulle.fr/,
https://bodyaddiction.fr/nos-centres/electrostimulation-alencon/?utm_source=google&utm_medium=organic&utm_campaign=gbp,
https://www.hotels-akena.com/hotel/hotel-akena-caudry,
http://aquabecool-aix.fr/,
http://www.entreterretciel.com/,
https://www.privas-centre-ardeche.fr/vos-services/sport-en-centre-ardeche/piscine-a-beauchastel/,
https://www.eurothermes.com/,
http://www.ille-et-vilaine.fr/,
http://www.ville-houplines.fr/,
https://maisonwessman-wines.com/fr/accueil/,
https://park4night.com/fr/lieu/115125/aire-camping-car-priv%C3%A9e/erloy-le-moulin/france/aisne#.YjWr4-rMLIU,
http://www.tereo-piscines.fr/,
http://www.coeurdelozere.fr/sports/piscine-marceau-crespin.html,
http://www.parcminichateaux.com/,
https://www.murat.fr/horaires-d-ouverture_fr.html,
http://www.chdl-darnetal.fr/,
https://www.centerspas.com/,
https://www.centerspa.fr/,
http://www.cc-ventadour.fr/services/centre-aquarecreatif/,
https://www.mascandille.com/,
https://institut-bulle-de-bien-etre.fr/,
https://www.centreeclore.fr/,
https://campingrochecondrie.com/,
http://www.bahiya.fr/,
http://www.alleedesfees.fr/,
https://www.hotellacachette.fr/spa-bien-etre-hotel-drome/,
http://www.acheda-hotel.com/,
https://www.ardechegrandair.com/,
https://www.nieppe.fr/cadre-de-vie/decouvrir-ma-ville/parc-du-chateau/,
https://www.ploermelcommunaute.bzh/contacts/piscine-de-mauron-2/,
http://www.zoo-tregomeur.com/,
https://www.zoo-boissiere.com/?utm_source=gmb,
https://www.vyvs.fr/equipements/piscine/les-vagues-de-la-concorde.html,
https://www.vouillelesmarais.com/,
https://www.ville-rouffach.fr/culture-sport-loisir/infrastructures/230-piscine-municipale,
http://www.villeneuve-yonne.fr/,
http://www.ville-nd-bondeville.fr/sport/,
https://www.ville-conty.fr/les-etangs/,
https://www.aubusson.fr/camping-municipal/,
http://www.villaroseraie.com/,
https://www.vichy-communaute.fr/piscine-de-saint-germain-fosses/,
https://www.velleminfroy.fr/,
http://www.valdeloisirs.fr/,
http://www.tourisme-aire-eugenie.fr/,
https://thermes-castera.fr/,
http://www.thalassodes3mondes.com/,
http://www.terresdecorreze.com/,
http://www.terre-de-dragons.com/,
http://www.terredauge.fr/,
https://www.stadeaquatique.bzh/,
http://spadesvignes.com/,
https://www.spa87.fr/,
https://sevenline.fr/,
http://www.selya-resort.com/,
http://www.saintlaurentdupont.fr/piscine-municipale/,
https://www.rochefoucauld-perigord.fr/piscine-la-rochefoucauld-montbron/,
https://www.rochefortsurloire.fr/page/piscine,
https://renoir-essoyes.fr/,
http://www.port-decize.fr/,
http://www.plelan-le-grand.fr/index.php/culture-a-loisirs/piscine,
https://www.piscine-lilobulle.fr/,
http://www.piscine-inoxia.com/,
http://piscineduneron.fr/,
http://www.piscine-de-hyrome.com/,
http://www.piscine-acorus.com/,
http://www.pays-george-sand.com/,
https://paysdeluxeuil.fr/pole-aquatique/,
http://parc-auxois.fr/,
https://www.oudon.fr/tourisme-et-culture/tourisme/sites-naturels/plan-deau,
https://www.oreedanjou.fr/culture-loisirs/sport/piscine/,
https://www.o2falaises.com/,
https://www.moving-osny.fr/,
http://www.mouveo-angouleme.fr/,
https://www.monesties.fr/camping-municipal-les-prunettes-monesties-tarn_fr.html,
https://www.maneo-spa.fr/,
https://www.maison-athome.com/,
https://www.mairie-xertigny.fr/base-de-loisirs-des-woodies/historique-presentation/,
http://www.mairie-noe.fr/?p=66,
https://www.mairie-baud.fr/tourisme-sports-et-loisirs/les-equipements/piscine/,
https://www.lesvillasduparc-lachabotterie.fr/,
http://www.lesducs.com/,
http://www.lescournoulises.com/,
https://www.les3lieux.com/,
http://www.lerelaisdevoisins.com/,
http://www.le-rabelais.com/,
https://www.la-rincerie.com/les-hebergements/le-camping/,
http://www.laminebleue.com/,
https://www.lambianceexterieure.fr/,
http://www.kiddyteuf.fr/,
https://www.jolijeune.fr/,
https://itxassou.fr/loisirs-plein-air-activites,
https://www.hotelparcazur.com/,
http://www.hotelmauritia.com/,
http://www.hotel-lesnations.com/,
http://www.hotelhermance.com/,
http://www.hoteleurope.net/,
http://www.hotelduparc-lyon.com/,
http://www.hotel-deybach.com/,
http://www.hotelbristolcaen.com/,
https://www.grande-saline.com/,
http://www.gitesbaronnies.fr/,
https://funcity-cannes.com/,
http://www.floirac.fr/,
https://www.flers-agglo.fr/mon-quotidien/visites-et-balades/le-mont-de-cerisy/,
https://evanature.fr/combrailles,
https://www.espass-podensac.fr/,
http://www.espace-aquatique-lazureo.com/,
http://www.espace-aquatique-derval.com/,
http://ecocampingdularzac.org/,
https://www.domainelapierreblanche.com/la-table,
https://www.domainedecice.com/fr/restaurant-bruz?utm_source=google&utm_medium=organic&utm_campaign=mybusiness_restaurant,
http://www.destination-brenne.fr/,
https://www.chateau-valencay.fr/,
https://www.chateau-javarzay.fr/,
https://chateaudesmonthairons.fr/,
https://www.chateaudeloubejac.fr/,
https://centrepierrelegendre.centres-sociaux.fr/,
https://www.centre-nautique-ile-tudy.fr/,
http://www.centre-aquatique-galea.fr/,
http://www.centre-aquatique-du-blavet.com/,
http://www.centre-aquatique-carredo.com/,
http://www.cctds.fr/,
https://cc-tarnagout.fr/piscine-a-saint-sulpice-la-pointe/,
https://www.cc-nozay.fr/listes/piscine-les-bassins-de-la-chesnaie/,
https://www.cc-montdesavaloirs.fr/,
http://www.cc-laveyle.fr/,
https://www.carpediem-lorgues.fr/fr,
https://www.camping-routes-de-provence.fr/,
https://www.camping-rochetaillee.fr/,
https://www.campinglesmadieres.com/,
https://www.camping-lesbergesdudoux.com/,
https://camping-lemiroir.com/,
https://www.camping-laveniseverte.fr/,
http://www.camping-lagautiere.com/,
https://www.camping-gouret.fr/,
http://campingdulac.org/,
https://www.brioudesudauvergne.fr/sport/centre-aqualudique-aquabulle/,
http://www.blainvillesurmer.fr/,
http://bienetreauxvents.fr/,
https://www.bellevuedaveyron.com/?utm_source=google&utm_medium=wix_google_business_profile&utm_campaign=6858712825334299371,
https://www.bellecin.com/piscine/,
http://beaujolaisvert.com/,
https://www.aquamalo.com/,
https://www.aquabazelle.fr/,
http://angoul-loisirs.fr/,
https://www.ambertlivradoisforez.fr/un-territoire-a-votre-service/tourisme-et-loisirs/piscine/,
http://altkirch-alsace.fr/dynamique/la-piscine-daltkirch-horaires-et-informations-pratiques,
http://givors.fr/,
http://www.smvva.fr/,
https://www.evellys.bzh/,
https://lesprit-a.com/,
https://www.saint-berthevin.fr/commune_sports-loisirs-vie-associative_equipements-sportifs_piscine-municipale.phtml,
https://hotel-coteouest.com/fr/,
https://www.lecotentin.fr/equipement/bassin-natation-piscine-saint-sauveur/,
http://www.bohotels.fr/,
http://www.fdc76.com/,
http://www.tourisme-thierache.fr/fiche/detail/376/Piscine-de-plein-air-intercommunale?extraParametre=,
https://www.ville-leguevin.fr/vivre-a-leguevin/culture-loisirs/piscine-municipale/,
http://www.lescampelieres.fr/,
http://www.atelier-du-spa.com/,
https://gitesaintchristophe.fr/,
http://www.jaunay-marigny.fr/,
https://www.mairie-die.fr/activites-loisirs/sports-et-loisirs/#piscine,
http://www.autrementspa.fr/,
https://yannalodge.fr/,
https://www.lamaisonneuve.com/,
https://kalea-spa-agen.fr/,
http://www.poolco.fr/,
Spa,
http://www.hotelwindsor.fr/,
https://www.hotellelac.com/,
https://www.hotel-fuchsias.com/,
http://www.suitecocoon.com/,
https://www.salers-hotel-bailliage.com/,
https://www.orchidees-hotel.com/,
http://www.lhotel-beaurivage.com/,
https://www.le-christina.com/,
https://www.hotel-la-cascade.com/,
https://www.hotelcolombier.com/,
https://www.relaisdevincey.fr/,
https://www.lamarjolaine.fr/,
http://www.hotel-maisondulac.com/,
https://www.hotel-lepetittrooduchevalblanc.com/,
https://www.hotellechenevert.com/,
https://www.hotelducygne.com/,
https://www.hoteldesgrandsvins.com/,
http://www.hoteldesducsalencon.com/,
https://www.hoteldefrance-csa.fr/,
http://www.hotel-andreinia.com/,
http://www.centrotel.fr/,
https://www.logis-aux-maisons.com/,
https://www.aquajump.net/,
http://spalamaisondubonheur.com/,
https://www.hotelparisjadore.com/?utm_source=google&utm_medium=organic&utm_campaign=knowledge-graph,
https://www.lacouronnebyk.fr/,
http://www.amilly.com/,
https://metsoi.fr/,
http://www.rocefiori.com/,
https://auvieuxmoulinmegeve.com/,
https://rapideaupark.com/,
https://www.hotel-arenalerefuge.com/,
https://www.camping-pleinsoleil.com/,
https://www.auberge-lorraine.com/,
https://www.aquadiag.fr/,
http://www.ambition-bien-etre.fr/,
https://www.comcomcfg.fr/lorris_fr.html,
https://campingdauberoche.fr/?utm_source=google&utm_medium=organic&utm_campaign=gbp,
https://www.ariege-evasion.com/,
http://www.cieleo-bareges.com/,
http://www.xaintrie-val-dordogne.fr/,
http://www.lemondedemerlin.fr/,
https://www.clos-castel.fr/,
https://www.blancsablehotel.com/,
https://www.larocheposay-vacances.com/,
http://www.campingdesbastides.com/,
https://www.spalacdozen.fr/,
https://www.mine-saint-nicolas.fr/,
https://thermes-sarrailh.fr/,
http://www.chateau-de-cavanac.fr/,
https://hotel-thoronet.com/fr/2-uncategorised/23-restaurant,
https://heliopark-hirsch.de/,
https://www.luxostara.fr/,
https://sologne-des-etangs.fr/,
https://soleildor-megeve.com/fr/chalets-megeve/,
https://maisonboheme68.fr/,
http://love-lodge-guadeloupe.com/,
https://kids-parc.com/,
https://www.interco-abl.org/sortir-decouvrir/maison-aquarium/,
http://institutbeautemermorte.fr/,
http://www.fituza.com/,
https://www.aujardindesplantes.com/,
http://abribis.fr/,
https://camping-le-cottet.fr/,
https://www.stefmassage.fr/,
http://arcticspas-alsace.fr/,
https://www.aquastudio42.fr/,
http://planet-aqua.fr/,
https://aquabecoolmartigues.fr/,
https://mjaquabiketoulon.wixsite.com/83200,
https://aqua-sophro.fr/,
http://www.aquaramiaud.com/,
http://www.biodiversarium.fr/,
https://www.paysdessorgues.fr/,
https://www.ville-dunkerque.fr/decouvrir-sortir-bouger/sports/les-piscines/la-fosse-de-plongee-loic-leferme,
http://www.lapiscinedemag.com/,
https://loc-piscine-occitanie.vercel.app/,
http://www.aquabulleleteich.com/,
https://lhippocampe.grand-cubzaguais.fr/,
https://www.espaceaquatiquelilo.fr/,
http://www.lhippocampe-aqua.fr/,
https://www.centre-aquatique-delle.fr/,
https://leauvive.lesportesbriardes.fr/,
https://www.centreaquatiquelodyss.fr/,
http://www.vienneetgartempe.fr/,
https://spadium-saint-renan.fr/,
https://prestalis.com/,
https://superbesse.com/activite/indoor/,
http://www.rivea.fr/,
https://loreade.fr/,
https://www.e-caux-bulles.fr/,
https://akwamouv.com/,
http://www.aquabecool.com/,
https://sortir.grandorlyseinebievre.fr/sport-et-loisirs/piscines/stade-nautique-youri-gagarine-villejuif,
https://lineo.cchf.fr/,
https://www.stpierredetrivisy.fr/parc-aquatique-aquamonts,
https://www.vendome.eu/pratique/sport/centre-aquatique-des-grands-pres/,
https://www.centreaquatique-villedieuintercom.fr/,
http://www.watersplash.fr/,
https://www.souppes.fr/tourisme/la-base-de-loisirs/,
https://www.centre-aquatique-neptuneo.com/,
https://www.kaline-o.com/,
http://www.aquaspace.fr/,
https://centre-aquatique.venissieux.fr/,
http://www.aquabike-rouen.fr/,
http://www.laquarelle-piscine.com/,
https://evolution2.com/val-cenis,
http://www.cc-champsaur.fr/index.php/Plan-d-eau-du-Champsaur?idpage=43,
https://www.la-baignade.com/,
http://oxyforme.fr/,
https://www.linstantaquatique.fr/,
https://www.fumelvalleedulot.com/fr/page/260/espace-aqua-ludique-a-penne-d-agenais-jeux-deaux,
https://www.total-jump.fr/de/infos/,
http://www.mb-agglo.com/,
https://aquaseven33.wixsite.com/aquagym,
https://sallanchesmontblanc.com/centre-aquatique-sallanches-mont-blanc,
https://www.so-swim-venelles.com/,
http://www.aquariumlocationservices.fr/,
https://www.esformation.org/,
http://www.h2o-hydrotherapie.com/,
https://www.shakti34.fr/,
https://www.ideosens.fr/lamaisonyvonne/?utm_source=gmb,
https://valhollmassages.wixsite.com/website,
https://massage-bien-etre.webnode.fr/reservation/,
https://zhenwell.fr/,
https://natureetbienetre-sauvigney.com/,
http://www.icietailleurs.sitew.com/,
https://www.harmonia47.fr/,
https://www.tiktok.com/@massagetetouan?_t=ZM-8yEnCQNOqso&_r=1,
https://spatamraght.com/,
http://www.znwellness.com/,
https://wellnessroommorancez.my.canva.site/praticienne-certifi-e,
https://www.wellnessaddict.fr/,
https://www.ninawellnessandbeauty.com/,
https://www.naturewellness.fr/,
https://www.lessourcesdhon.com/,
http://www.leprana-metz.com/,
https://www.la-grande-terrasse.com/club-forme-wellness/,
https://www.sportwellnesslesbelleville.com/lieux/la-belle-vie/,
http://www.kaynawellness.com/,
http://www.lesixh.com/,
https://www.wellness-chez-leon.fr/,
http://www.flowellness.fr/?utm_source=gmb,
https://www.centre-wellness.com/,
http://bio-zen-wellness.com/,
http://www.maisonazuraspa.fr/,
https://www.zenpoursoi.fr/,
http://www.zenetbienparetre.fr/,
http://www.youkhathaimassage.com/,
https://wi-thaibienetre.com/,
https://www.voyagebienetre.fr/,
https://marionbergerby.wixsite.com/votremomentbienetre,
http://vos-instantsprecieux.com/,
https://volcanic-bien-etre.fr/,
https://www.alalueurdelaura31.com/,
https://vanaroms.fr/,
https://valeriepradelmassage.com/,
https://www.vbiennaitre.fr/,
http://www.unzestedebienetre.com/,
http://unrdvpoursoi.fr/,
https://www.unmondedebienetre.com/,
https://www.tonbienetremassage.com/,
https://tomassage-bien-etre.webador.fr/,
https://www.marie-helene-mallet.fr/,
http://www.thiane-tl-massage.com/,
https://wanida-bien-etre.wixsite.com/monsite,
https://www.thaimassage-cosne.fr/,
https://www.thaimassage-bien-etre.com/,
http://www.terramassa.fr/,
https://terrasansa.experience-beaute.com/?fbclid=IwY2xjawTC8pRleHRuA2FlbQIxMABicmlkETBRNFVzSnZPbTJaU2lsbGt4c3J0YwZhcHBfaWQQMjIyMDM5MTc4ODIwMDg5MgABHqBhrUH2yiLhKFJD7EJWk0JxEf5iEJLjlPAMZJ4IOngqH2FoW_5fBYYeycjO_aem_cjBmOWILwPtPIr-aroRC-w,
https://terrdozen.fr/,
https://www.treatwell.fr/salon/temple-du-bien-etre/,
http://www.taranisa.com/,
https://suzannebien-etre.fr/,
https://www.sue-dimension.com/,
https://www.sublimgaia.fr/,
https://sublimebienetre.fr/,
https://www.stephaniemassagebienetre.fr/,
https://wwwstephaniemassagebienetre.squarespace.com/,
http://www.steffanymarx-massotherapeute.com/,
http://sportetbienetre201.wixsite.com/monsite,
http://www.source-de-bien-etre.com/,
https://www.sourcebienetre.fr/,
http://www.sosbienetrebretagne.fr/,
https://www.sorellebienetre.com/,
http://sbrossaud.fr/,
https://www.sokaly-reiki.fr/,
https://soins-energetiques-et-bien-etre.webnode.fr/?utm_source=gmb,
https://www.soinsbyo.fr/,
http://www.sensations-aisne.com/,
http://www.santala-fusion.com/,
https://sand-bienetre13.e-monsite.com/,
https://www.lescalebienetre-ajaccio.com/,
http://bienetre-agen.com/,
https://reservationbeaute.fr/bienetreetesthetique-66290/institut-cerbere-66290-massage,
https://www.sagessedubienetre.fr/,
http://www.satanamastudio.fr/,
https://smadiana42.wixsite.com/monsite,
https://rosebienetre-laval.now.site/home,
https://revesdeclat.kalendes.com/,
https://renata-massages.fr/,
https://association-fight-for-animals.fr/,
https://laurareflexologie76.fr/,
https://www.reflexologie-bien-etre.fr/,
http://reflexbienetre.fr/,
https://www.rachelbienetre.com/,
http://www.soins-essentiels-esther.com/,
https://pranadev.fr/,
https://www.pointsoleil.com/rueil-malmaison,
https://www.enchastrayes.fr/vivre-commune/sports-loisirs,
https://philosophiebienetre.kalendes.com/,
https://philippemercier-bienetre.fr/,
http://atpoupart.wixsite.com/mapausebienetre,
http://patriciamarquis91.com/,
https://patmrevel.wixsite.com/massage,
https://parenthese43200.e-monsite.com/,
http://www.parenthese-massage.com/,
https://parapharmaciebees.fr/,
http://www.ozen91.com/,
https://www.aussois360.com/piscine/,
http://osmose-landes.com/,
http://www.osez-massage.fr/,
http://www.ornelinebienetre.com/,
http://ophezen.fr/,
https://olowanbienetre.fr/,
https://www.olea-massages.com/,
http://www.ode-au-bien-etre.com/,
https://oceanebien-etre.fr/,
https://www.objectifbienetre21.com/contact,
https://www.omanavalodge.fr/,
https://otsukimimassagebienetre.fr/,
https://o-massage-aixlesbains.fr/,
https://www.odesermaize.fr/infos/,
https://obienetre-roquefort.fr/,
http://obeaute80.fr/,
https://www.nyainstitut.fr/,
https://nuagesdebienetre.kalendes.com/,
http://nollyangel.fr/,
http://www.toulouse-reflexologie-bien-etre.fr/,
https://www.nicole-barbier.fr/,
http://www.naya-massage.fr/,
http://www.anaiscouratinnaturopathe.com/,
https://www.nature-et-bien-etre-blois.com/,
https://naturallbyamelie.fr/,
http://naturobienetre35.fr/,
http://www.natbel.fr/,
http://namastebienetreetvitalite.com/,
http://www.nadywell.fr/,
http://www.nadiarobert-bienetre.com/,
https://my-cocooning.fr/,
https://rdvenligne.dylentab.fr/institut/mp-bien-etre-72240-conlie-33650361095/,
https://monidealbienetre.fr/,
https://www.mon-instant.fr/,
http://monenvolee.fr/?utm_source=gmb,
https://www.momentdedouceur-massages.fr/,
https://www.1001-bienetre.com/,
http://bio.site/mesrituelsbienetre,
http://mercierdemontigny.com/,
https://mengmassage.fr/,
https://xn--melissanaturel-6ob.my.canva.site/,
https://www.canva.com/design/DAGbKBJwDhE/aU600hcqZzKdTq9vtZmD-w/view?utm_content=DAGbKBJwDhE&utm_campaign=designshare&utm_medium=link2&utm_source=uniquelinks&utlId=hc139d56ea6,
https://maudmassages.addock.co/?utm_source=gmb,
http://www.masserenite31.fr/,
https://www.massatho-bien-etre.fr/,
http://sozenwell.com/,
http://www.coiffuremarion.fr/,
http://www.cjbienetre.e-monsite.com/,
http://www.massage-therapeutique.fr/,
https://massagepornic.com/,
https://marionsureau.wixsite.com/labioheme,
http://www.massage-anahata.com/,
https://adelaide-mesenge.ti-nuage.fr/,
https://massagesnoisylesec.fr/,
http://www.soyonszen.org/?utm_source=google&utm_medium=wix_google_business_profile&utm_campaign=6253780991493848224,
https://bienaturelax-massages.site-vistalid.fr/,
https://massage-bien-etre-dijon.fr/,
http://www.massageenergiebienetre.fr/,
http://www.massagethaitherapie.fr/,
https://valeriemagnard.fr/nouveaux-les-massages-bien-etre/,
https://massagefabienetre.fr/,
https://massagedumondetbienetre.com/,
https://massagedebienetre51587524.wordpress.com/,
https://www.douceuropaline.fr/,
https://massages-bien-etre-sportif-hautes-pyrenees.com/,
https://massage-juliette.fr/,
https://massage.ivof.com/massage-bien-etre-energyzen/,
http://massage91.fr/,
http://www.massage-bien-etre-bio.com/,
http://www.massage-bienetre78.fr/,
http://www.aniuta-bienetre.fr/,
http://massage-bien-etre-vinets.blogspot.com/,
https://www.bien-etre-by-claudia.fr/,
https://traditionsdubienetre.fr/,
https://institut-marybelle-pontivy.fr/,
https://marionmassagebienetre.bookinbeautiful.fr/r/2VR46D,
https://massage-fontainebleau.fr/,
http://www.my-happiness.fr/,
http://marcmasseur.fr/,
https://www.mallorymassage.fr/,
https://sante31.fr/,
http://www.bienetre06.com/,
https://www.mahilaessence.com/,
https://www.mahevana.fr/,
https://www.soinsenergiespirituelle.com/,
http://magali-bien-naitre.fr/,
https://www.madinabienetre.com/,
https://madeleineonlaime.wordpress.com/,
https://www.ma-parenthese-bien-etre.fr/,
https://ma-parenthese-bien-etre.odoo.com/,
https://bien-etre-vallee-de-chevreuse.fr/,
https://www.reverenvalleeverte.fr/,
https://www.institutluniversdubienetre.fr/,
https://lp-bienetre.fr/,
https://www.lorevalie.com/,
https://www.lor-du-temps-lharmonie.com/,
http://www.lolasavatofski.com/,
https://ocoeurdesmains.fr/,
http://www.loelune.fr/,
https://lintempor-elle.wixsite.com/lintempor-elle,
http://www.linstitutdubienetre.fr/,
http://www.clicrdv.com/linstitut-bien-etre,
http://linstantbienetre35.com/,
https://www.linnovationbienetre.fr/,
http://www.ligneetendorphines.com/,
https://francemassage.org/places/liberyl-bien-etre-2/,
https://heuredouce.fr/,
https://leveildesroses.wixsite.com/bien-etre,
https://levasion72.fr/wp-login.php?redirect_to=http%3A%2F%2Flevasion72.fr%2F&reauth=1,
http://www.leticiabienetre.fr/,
https://lessencedadeline.fr/,
https://www.lescapade-bien-etre.fr/,
http://lescalebienetre.free.fr/,
http://www.lescalebienetre.com/,
https://www.lestresorsdubienetre.fr/,
https://sourcesdubienetre.fr/,
https://www.lessensdubienetre35.fr/,
https://lessensdubienetre37.fr/,
http://www.institutlessens.fr/,
http://www.les-petits-bien-etre.fr/,
https://karkarof.axiom.usbx.me/noelly/#abonnements,
https://lesmeresveilles.bookinbeautiful.fr/,
https://www.les-massages-dam.fr/,
https://mainsdemarie.fr/,
https://lesmainsdeluciemassage.com/,
https://les-fees-du-bien-etre.com/,
https://www.lesfees-bienetre.fr/,
https://lesclesdubienetre-uzes.fr/,
http://www.lescharmesdubienetre.fr/,
https://lesarchesdubienetre.my.canva.site/?fbclid=IwY2xjawN-2HpleHRuA2FlbQIxMABzcnRjBmFwcF9pZBAyMjIwMzkxNzg4MjAwODkyAAEe4SqAVRe434Gd1J_5p7e9FyMeRV5gS6lluAMPcbZ43gMC4GY0SQqT89y8G1g_aem_Nzjq2I8rTfp6AsNLDwmLnw,
https://les100cielbienetre.fr/,
http://www.lecrin-bien-etre.com/,
https://www.lecorcedubienetremassage.com/,
http://www.letemps-dunepause.fr/,
https://www.letempsdunencens.fr/,
https://alexis-masseur-bien-etre.hubside.fr/,
https://www.hammam-templedubienetre.fr/,
http://www.lesouffledeshorizons.fr/,
https://lesecretbienetre.fr/,
http://www.lesalondenoemie.com/,
https://www.lerefletdubienetre.com/,
https://s.3ci.fr/s/gI,
http://www.lepatiodubienetre.fr/,
https://www.lepalaisdubienetre.com/,
http://www.lemoulindubienetre.fr/,
https://www.leklube.com/,
https://jardin-depicure.fr/,
http://ledomainedubienetre.com/,
http://ledomainedubienetre39.fr/,
https://www.lescottagesdutarn.com/le-cottage-de-lart-de-bien-etre/,
https://www.le-cocon-du-bien-etre.com/,
https://www.le-centre-azur.fr/,
https://lebien-etreparlemassage.odoo.com/,
http://www.lebienetreetvous.fr/,
https://www.lebien-etre-bysarah.fr/,
http://lebienetreaunaturel.net/,
https://fleuretyvelyn.wixsite.com/le-bien-etre,
https://www.bienetre-stephane.fr/,
https://www.lebienaller.com/,
https://4mains-by-balilona.fr/,
https://www.laviria-massagesbienetre.fr/,
https://www.laventuredunenaissance.fr/,
http://latelierdetente.fr/,
http://emmanuellebaud.fr/,
https://www.latelier-du-bien-etre.fr/,
https://www.art-de-bien-etre.fr/,
http://www.langedubienetre.fr/,
http://www.cl-fleurdebienetre.fr/,
https://www.lacherprise-massages.fr/,
https://www.labeleve.fr/massage,
https://www.azenda.com/la-taniere-du-reve,
http://latabledubienetre.fr/,
http://www.latabledemassage.fr/,
https://lasourcebienetre.wixsite.com/lasource,
https://lasourcedebienetre.com/,
http://lapetitemaisondubienetre.com/,
https://laperledesanges.fr/,
https://laparenthesebienetre.jimdo.com/,
http://laparenthesee.com/,
http://www.lamaisonobienetre.com/,
https://lamaisondubien-etre.fr/,
https://www.lamaisondubienetreinstitutspa.com/,
http://www.lamaisonarouet.com/,
https://www.maisondubienetre-lons.fr/,
https://www.la-main-du-bien-etre.com/,
https://resaclick.net/llacahutabienetre,
https://bulledomassage.com/,
https://www.labulledeclara.com/,
http://www.labulledebleue.fr/,
http://www.labulledeco.com/,
https://www.leskapade-bienetre.com/,
https://www.latelierdubienetre35.com/,
https://lauratriomphe.kalendes.com/,
http://www.atelierdubienetre-la-tardiere.fr/,
http://www.lzen-harmony.fr/,
https://khepri-massage.fr/,
https://tessierjustine6.wixsite.com/ojas-massages-ayurve,
http://www.justela-sophieberger.fr/,
https://just-for-you-massages.hubside.fr/,
https://www.jm-massages-bien-etre.com/,
http://www.jivanabienetre.com/pages/contact.html,
https://www.jerome-massage.fr/,
https://crea.local.fr/izyzen-massage.fr/,
https://www.itinerancemassage.com/,
https://www.ionajeannot.fr/,
https://www.parenthese-bienetre68.fr/,
https://www.institut-ayguesvives.marycohr.com/,
https://manonschwartz5.wixsite.com/moanatiare,
http://mjbienetre.com/,
https://www.evasion-bienetre.fr/,
https://annelyseconnat.wixsite.com/enabien-tre,
https://c-lessentiel.fr/,
http://hippomer.fr/,
http://bullesdebienetre30.fr/,
https://lechaletdubienetre.fr/shop,
http://www.caramel-spa.com/,
https://www.institut-louvres.guinot.com/,
https://www.institutbienzetre.fr/,
http://www.institut-bien-etre-et-beaute.com/,
https://www.institutbeautenaturelle42.com/,
https://www.institut-suzelarousse.guinot.com/,
https://www.amassa.eu/,
https://instantsdebienetre.fr/,
https://kuryenet.co/instant-de-bien-etre-renaison/,
https://holistiquecoaching.fr/,
https://instantbienetre-espalion.fr/mentions-legales/,
http://www.chromoconcept.com/,
https://myintuitive.fr/rdv/ingrid-bienetre,
http://www.indiabienetre.fr/,
http://imahya-bienetre.com/,
https://www.iletaitunefoismassages.com/?utm_source=google&utm_medium=wix_google_business_profile&utm_campaign=17763094581065200338,
https://www.icimaisonbienetre.com/,
http://hygienavie.com/,
https://www.horizumu-massages.fr/?utm_source=google&utm_medium=wix_google_business_profile&utm_campaign=11092886412053685844,
https://www.institut-horizon-bien-etre.fr/,
https://massage-therapie-geneve.ch/,
http://www.hobonheurdesoi.fr/,
